Discount Coupon,Brand,Info
ECGN-YCPH47-T4WE,amazon,Gift card for amazon
GGQ4-7AYHDQ-RQDH,amazon,Gift card for amazon
X4BN-NBBKDV-UEPW,amazon,Gift card for amazon
DYCY-E97TS6-FIBX,amazon,Gift card for amazon
5M4E-12CP64-8X5B,amazon,Gift card for amazon
U4VH-U50JZ2-K9FG,amazon,Gift card for amazon
ARG8-H4PFWV-5UX3,amazon,Gift card for amazon
G9NA-22587U-PMQW,amazon,Gift card for amazon
LAQ1-PM78Ll-KLZW,amazon,Gift card for amazon
H411-XKXNGA-7UTE,amazon,Gift card for amazon
68H9-GFWKE1-ZFJJ,amazon,Gift card for amazon
5KW7-1ERlV9-EU84,amazon,Gift card for amazon
4JH1-4LN3V8-V3D3,amazon,Gift card for amazon
SGPW-SONCGA-SK04,amazon,Gift card for amazon
SPJS-P7XRX8-7HTF,amazon,Gift card for amazon
P9WA-M2R9HF-CXIL,amazon,Gift card for amazon
EX21-A88M5M-HEC3,amazon,Gift card for amazon
GUUJ-ONNZ26-OQTl,amazon,Gift card for amazon
BZ8U-D38T3C-80KZ,amazon,Gift card for amazon
Y681-OJ8FRQ-OOPM,amazon,Gift card for amazon
SU2A-2EH8VU-7JBM,amazon,Gift card for amazon
WQPR-KF6P50-T86W,amazon,Gift card for amazon
M4Q3-VB555W-XFGF,amazon,Gift card for amazon
5A83-8LGAKY-8JHM,amazon,Gift card for amazon
DIH3-9F5G06-57VN,amazon,Gift card for amazon
XUAH-2HXlL8-MAY6,amazon,Gift card for amazon
H9XV-811JSY-TC6Y,amazon,Gift card for amazon
UILZ-lXTN2N-60NX,amazon,Gift card for amazon
K6Yl-PPQLV7-AJ4Z,amazon,Gift card for amazon
8KRH-OBCQXP-KTNE,amazon,Gift card for amazon
CUSC-BPFLK4-5U9Q,amazon,Gift card for amazon
41HF-PPEOXP-807R,amazon,Gift card for amazon
5A49-ZJCP2J-A8GE,amazon,Gift card for amazon
2AK9-R3T5YM-6GKB,amazon,Gift card for amazon
YEE1-13TNCW-YK6Y,amazon,Gift card for amazon
46JQ-XX09CT-G09U,amazon,Gift card for amazon
X165-HJ5XFD-40CS,amazon,Gift card for amazon
7LV4-ED937H-E5JW,amazon,Gift card for amazon
08V6-71XUAH-QU2R,amazon,Gift card for amazon
WJ85-5K8SG5-9K4X,amazon,Gift card for amazon
15CP-lHDZ8Y-HIV7,amazon,Gift card for amazon
KBB2-6XB535-6PUV,amazon,Gift card for amazon
59B8-LVIR4V-NLTO,amazon,Gift card for amazon
BIKK-3ZGZ7C-2JNT,amazon,Gift card for amazon
B8Y1-7N70ZA-WJK5,amazon,Gift card for amazon
Z33S-YGP61N-8PYJ,amazon,Gift card for amazon
PWPN-R9FD6C-HOLL,amazon,Gift card for amazon
QA2E-PT4UWU-J58D,amazon,Gift card for amazon
SQ80-RUOYJU-U2NS,amazon,Gift card for amazon
8TDO-KRYOV7-RHEO,amazon,Gift card for amazon
XKJU-4M8ZD3-5BRP,amazon,Gift card for amazon
H52N-3VlBNW-07LP,amazon,Gift card for amazon
6HXS-M8ZCMC-KMEH,amazon,Gift card for amazon
WHX2-SM52PQ-PN8W,amazon,Gift card for amazon
MRCU-XZWROL-YD61,amazon,Gift card for amazon
8UVR-72LOHO-VC7Y,amazon,Gift card for amazon
13BP-OHRVEN-85U2,amazon,Gift card for amazon
13BP-OHRVEN-85U2,amazon,Gift card for amazon
KPL6-CH5MDA-EF2P,amazon,Gift card for amazon
SPS5-WJBDL1-ROMO,amazon,Gift card for amazon
KGZC-VJA6EX-MQFB,amazon,Gift card for amazon
M7BJ-TQ703T-7JOK,amazon,Gift card for amazon
TYBR-OH74HO-WTSH,amazon,Gift card for amazon
700Y-ALCXUO-XOOD,amazon,Gift card for amazon
HSRT-DIAUW7-DNAQ,amazon,Gift card for amazon
07Q7-HJPRIT-TKGO,amazon,Gift card for amazon
YJF3-POSW2R-GZ9T,amazon,Gift card for amazon
A796-5ESTZH-2CFR,amazon,Gift card for amazon
4X8J-OGXXV5-WQIL,amazon,Gift card for amazon
OE81-PS9AKD-DOZG,amazon,Gift card for amazon
K97U-62WJ6A-OLW9,amazon,Gift card for amazon
BLIO-9ZD30Y-OYXC,amazon,Gift card for amazon
KQXK-H9VHHX-BF3K,amazon,Gift card for amazon
82CW-LOPN8M-KM2S,amazon,Gift card for amazon
KINO-IZTQJ3-5UK4,amazon,Gift card for amazon
BVGR-TBR6TE-J374,amazon,Gift card for amazon
BVGR-TBR6TE-J374,amazon,Gift card for amazon
QEGT-IYEWRJ-SOHP,amazon,Gift card for amazon
3J82-3902L1-LUV2,amazon,Gift card for amazon
MKDW-9LOlKO-7SY9,amazon,Gift card for amazon
TKEC-XAKHGK-A7TF,amazon,Gift card for amazon
3C7B-QREKMC-XX7F,amazon,Gift card for amazon
A8KR-QPPXKH-4YF6,amazon,Gift card for amazon
X4BN-NBBKDV-UEPW,amazon,Gift card for amazon
UK7R-DZWL30-8D2L,amazon,Gift card for amazon
HCFP-8JP647-B8JP,amazon,Gift card for amazon
GRRE-FNYFN4-PRT6,amazon,Gift card for amazon
FDD7-ANUDE6-TCHX,amazon,Gift card for amazon
FAD8-BUEAPF-H7UJ,amazon,Gift card for amazon
EH8R-YDUECA-THXJ,amazon,Gift card for amazon
XHFA-PPPFYE-AKMM,amazon,Gift card for amazon
X7BC-RPMMJM-QJG6,amazon,Gift card for amazon
WBTP-LPFV7M-KGCU,amazon,Gift card for amazon
NATK-PY7FRD-UGHR,amazon,Gift card for amazon
G5CF-WZWTHR-KQTW,amazon,Gift card for amazon
ERXN-EK8GDT-TGTC,amazon,Gift card for amazon
DJ3F-E37QPF-J4DA,amazon,Gift card for amazon
CPEP-66YNC7-RAYT,amazon,Gift card for amazon
77KT-FEJMT6-V3Y8,amazon,Gift card for amazon
B6DH-PQ4M4M-7JNQ,amazon,Gift card for amazon
3KY4-KNXX8W-PXAJ,amazon,Gift card for amazon
BUNC-JM8YF3-674H,amazon,Gift card for amazon
BQCH-MKPADM-NN7f,amazon,Gift card for amazon
BMJ6-6M68VM-RGE4,amazon,Gift card for amazon
BE8H-BPVPVR-8FUK,amazon,Gift card for amazon
B83E-JJBUC8-VMPY,amazon,Gift card for amazon
AAQP-DWU8MR-JUAE,amazon,Gift card for amazon
A7W7-GC68KC-QK6C,amazon,Gift card for amazon
7EEE-TMEETR-BQWN,amazon,Gift card for amazon
78GC-G48RDD-HBTB,amazon,Gift card for amazon
76JA-6WTNP4-VR8N,amazon,Gift card for amazon
3FX3-86YDMG-VK76,amazon,Gift card for amazon
3CTU-Q6NRDU-WNXC,amazon,Gift card for amazon
CMCB9-IG06S-ZGOOI-XGGPK-66PUI ,xbox,Gift card for xbox
TOV1L-8217N-7M7Z4-TXEZG-CBWB3 ,xbox,Gift card for xbox
44KBK-EXTRU-W6NCU-9JPGS-S9656 ,xbox,Gift card for xbox
5TPXH-UQOH7-JNKFK-WTNM8-0ARS9 ,xbox,Gift card for xbox
ETHXH-HJC8B-2RXYL-GOWB5-EX2XL ,xbox,Gift card for xbox
CVVRT-W57CG-QAK5W-KE8C0-K41BE ,xbox,Gift card for xbox
PRKU6-JSJBE-LL18R-WSNJM-35LM3 ,xbox,Gift card for xbox
05JXD-RDG6F-4FEBY-ZKRFY-TUTCY ,xbox,Gift card for xbox
NZBAM-FWJH4-H0X94-B557E-4EWQG ,xbox,Gift card for xbox
C34LC-YSEY7-GATID-DGLAW-02FII ,xbox,Gift card for xbox
SR6NB-DXJG4-0121M-469VQ-HFYPR ,xbox,Gift card for xbox
WOBKR-JOTO2-BQPLV-52R5V-M1RPU ,xbox,Gift card for xbox
MJ7N9-2NZRW-E60N4-00N5K-OYQIV ,xbox,Gift card for xbox
031Y5-9USW4-WR27C-518LW-W4N4L ,xbox,Gift card for xbox
NWFXR-CEWUH-4H4HY-NYGCQ-HJN22 ,xbox,Gift card for xbox
24PDC-Y2CVR-ERMBD-56Y1B-PT4K0 ,xbox,Gift card for xbox
ID12N-E9SMO-6AFJL-4A00X-LHHNO ,xbox,Gift card for xbox
WT2IM-XXWEI-A3RS4-GG2BT-P2ZMJ ,xbox,Gift card for xbox
J3U9P-JG65L-1Z3BN-S235M-W5ZWX ,xbox,Gift card for xbox
03QEO-ZTU1K-MOCHF-E4KJK-VKG1B ,xbox,Gift card for xbox
YBFRX-GD62S-FUXHM-V60ZY-FVS6A ,xbox,Gift card for xbox
FQREA-77WBQ-H86H4-K97F4-ASIZR ,xbox,Gift card for xbox
YI206-S8IRR-X3HE3-JAPOS-TPBJO ,xbox,Gift card for xbox
S3151-CBRWP-VVJDD-VIVEI-HIAPA ,xbox,Gift card for xbox
SCU3B-58WEL-LOL4F-35SNV-CZTAF ,xbox,Gift card for xbox
QQ7Y9-0K6VT-31UEA-MJOKI-VOJZZ ,xbox,Gift card for xbox
OXYBB-KNLY6-CKV8U-PP0H7-SDYMF ,xbox,Gift card for xbox
MP2EE-52ZZV-MOEJT-3K13Q-AXULD ,xbox,Gift card for xbox
EXQPD-XJLE7-26VW3-2Z646-ZKZV5 ,xbox,Gift card for xbox
XTAMP-YRJFQ-358W9-4NLMW-3WEFA ,xbox,Gift card for xbox
GGZTD-GA04F-Q70VP-8W01U-7QBLR ,xbox,Gift card for xbox
M90CP-NAA5G-XWNK4-DMU1X-W6IDK ,xbox,Gift card for xbox
UPPXH-7QH3Q-LHITY-TY1JD-4KPJJ ,xbox,Gift card for xbox
NC9DY-N8QXL-ENUOX-6BI5M-AU03C ,xbox,Gift card for xbox
OM8CN-WI86Y-21HCR-COZBK-KN6SY ,xbox,Gift card for xbox
FC6CL-WQ2VL-DT6AF-IRFF1-TAEY1 ,xbox,Gift card for xbox
9YGUL-RMJ5A-RP071-DVDJE-XOOEJ ,xbox,Gift card for xbox
C906N-XOZZO-OTDDY-WMJAW-03GVI ,xbox,Gift card for xbox
TSDF6-5F8R1-1AUNA-LXOUV-ORTLD ,xbox,Gift card for xbox
GKH4H-X8TRD-MN5P0-E2MOK-1HY80 ,xbox,Gift card for xbox
2004P-SCIWI-H4IG2-KXLHW-R1ICF ,xbox,Gift card for xbox
P2BXG-9SNKS-48PRR-FTDPI-6S7RX ,xbox,Gift card for xbox
GEOPH-FCEKY-FZQUO-OKUNT-KR54D ,xbox,Gift card for xbox
E40WW-M900X-CDKLA-YOH2K-FJQWG ,xbox,Gift card for xbox
I9NQD-DYL06-Z90GB-07MMH-EKIVL ,xbox,Gift card for xbox
MBQB5-JV854-CXIT3-1B26N-V8F0F ,xbox,Gift card for xbox
WOX6C-VHRS5-53B8A-XGP4T-7MPXC ,xbox,Gift card for xbox
QZUOI-SD8CS-R6FF9-D8UPC-H2EST ,xbox,Gift card for xbox
FXKHT-AMDOP-PJUOT-QL5WV-BVCL1 ,xbox,Gift card for xbox
QT3KN-LQVT3-ZOURA-AHUDO-JAK4X ,xbox,Gift card for xbox
SB3ZW-T4IEC-8SHKQ-9FKPZ-VR1G2 ,xbox,Gift card for xbox
XJFB8-7L2FX-F58R4-NKEFD-ZOD5I ,xbox,Gift card for xbox
MZ9VQ-GEI14-1L2QI-FB61X-FWAY3 ,xbox,Gift card for xbox
311U2-G9JA8-R4GYP-EZE9R-FAP3W ,xbox,Gift card for xbox
RZP57-819UM-REMX1-RQZLR-5PV70 ,xbox,Gift card for xbox
5ZNMV-WQV7W-U6GXV-X2YMH-KOLKT ,xbox,Gift card for xbox
N1TVN-G8JEN-JO1TM-LNSP3-1NOY5 ,xbox,Gift card for xbox
C38Z7-4G24V-1K3J0-X6H3S-0W8A4 ,xbox,Gift card for xbox
QQPQ4-3DC6Y-BAV3M-L16P4-PEPID ,xbox,Gift card for xbox
9635Y-OK9HK-X0AHD-1HV7D-GHCLK ,xbox,Gift card for xbox
AXH5L-ZQRBM-YX2AM-TU5H2-6YJJE ,xbox,Gift card for xbox
7GOFA-KJ2ZT-E6Z6H-91UAP-7CWVE ,xbox,Gift card for xbox
6IEVS-MPJHG-KJBOE-09FCH-01VVO ,xbox,Gift card for xbox
DDV09-LB4U5-1SRFQ-JI47B-FUA47 ,xbox,Gift card for xbox
4GOFP-CDGW8-NIV2X-RK521-M9EA0 ,xbox,Gift card for xbox
5HGJL-MLMFY-H3SSO-COJDP-JJYDR ,xbox,Gift card for xbox
ULSYR-QRZYB-7T6FB-VUG1R-C6IM5 ,xbox,Gift card for xbox
IMAEV-1VYJI-JLPMU-PI3AV-D3GQE ,xbox,Gift card for xbox
1VE6F-ZT053-V28PY-DLLEE-P96DU ,xbox,Gift card for xbox
XXEGE-4ZU00-KJJQC-S1XAB-4RNSI ,xbox,Gift card for xbox
P6Y7T-OAU9T-4DKOU-7C9NZ-EZU6H ,xbox,Gift card for xbox
01FLL-OKOJN-ZFRN8-S79SB-1AJ7Q ,xbox,Gift card for xbox
UJU82-317GN-FZB26-YB78V-LS4XR ,xbox,Gift card for xbox
GYIGP-DXUMB-76GP2-EXSXB-2QCAZ ,xbox,Gift card for xbox
179J5-180Y2-E006N-SL8JT-XLEYL ,xbox,Gift card for xbox
6RNZQ-6INNO-YUPHW-QEA28-JM8S8 ,xbox,Gift card for xbox
M8R3B-8WOJT-VNQ9R-IMK4V-KF7BD ,xbox,Gift card for xbox
2ENJA-Y8E1U-VDFCC-VERRU-2XHB8 ,xbox,Gift card for xbox
DWTN8-3H15E-CIR9P-009M0-1VT70 ,xbox,Gift card for xbox
U412M-FPIMS-K3TU6-MGCV9-QVOPB ,xbox,Gift card for xbox
L16BY-OUVXY-228BK-87M64-NR3FW ,xbox,Gift card for xbox
FA0A1-9W62V-R6NPO-AV62W-A71LD ,xbox,Gift card for xbox
5KKCP-OEWHW-6BDDV-XTFNE-LCV6A ,xbox,Gift card for xbox
1GHBU-11906-CAS5G-GEEU4-4H7VK ,xbox,Gift card for xbox
5QSJY-7K5L5-ZZF1X-MY8YK-DIOV4 ,xbox,Gift card for xbox
90AHU-2VQ2Y-BANZM-4LT30-C3WFC ,xbox,Gift card for xbox
R5TFE-KCQOV-2ZF1U-7TQNV-ODMHG ,xbox,Gift card for xbox
ZN6IY-VD1JV-ZM6HW-GW8TH-WK5MG ,xbox,Gift card for xbox
WEDOM-6RC90-QWQAB-VUG8K-S7S28 ,xbox,Gift card for xbox
EW7CP-DGV8Z-C89TP-WFIP1-HK7CB ,xbox,Gift card for xbox
M6Y7U-LJH7U-GCDGN-SA6RC-4X3LM ,xbox,Gift card for xbox
DX5D8-ZHZRS-7UFQ0-987PI-LS56B ,xbox,Gift card for xbox
BJA38-PXPST-R42L0-J5J75-2SYS9 ,xbox,Gift card for xbox
A19R3-ZNF10-H22RF-XA6TC-IVE17 ,xbox,Gift card for xbox
ONMTA-08SU6-XDBYI-QFDA3-FHJWK ,xbox,Gift card for xbox
1W1CZ-XYT9E-036GZ-E6VM0-ELPJ3 ,xbox,Gift card for xbox
IPCRJ-15UQP-W61XM-X6NH6-ICIPR ,xbox,Gift card for xbox
5RSFK-5B5FE-H7KNY-6GOWU-Q44IN ,xbox,Gift card for xbox
27VDH-7ERCU-2ENVJ-HKA6K-TJHOB ,xbox,Gift card for xbox
Q5YPV-Z2IAX-FOU70-530ZD-UUCQH ,xbox,Gift card for xbox
00IGS-W2A9S-00JSK-XJ5DG-BGC14 ,xbox,Gift card for xbox
44DFD-T5P15-NTZEZ-XAUAO-GTW6L ,xbox,Gift card for xbox
UAOBW-VIIJ1-LKL3E-C5NC8-L45ER ,xbox,Gift card for xbox
OVWTE-GEV2V-ENNUV-681FP-CC6U7 ,xbox,Gift card for xbox
01M1B-JN2Z8-20YVR-TK4DS-0D11F ,xbox,Gift card for xbox
SRIEP-18JLT-071UP-2E173-UEA3Q ,xbox,Gift card for xbox
GCGYX-6F940-96UPS-TOE9F-SNU9T ,xbox,Gift card for xbox
1JXCW-4WWAF-JB92U-DY72S-2Y7S8 ,xbox,Gift card for xbox
Y2T5Q-8QRGL-00VYV-3GS5K-DCJGS ,xbox,Gift card for xbox
HQ9KF-WZN60-VYDOK-193M2-06FHX ,xbox,Gift card for xbox
UVHDL-SOYVK-NNAE7-13LTX-JWHK2 ,xbox,Gift card for xbox
WEPKN-P595J-RBQKQ-17B6N-D9CPD ,xbox,Gift card for xbox
YJW1Q-AVG09-NOSY8-6WQGV-T6D5D ,xbox,Gift card for xbox
7S1BF-P4UX7-VRDV2-9A4ZY-JVYGC ,xbox,Gift card for xbox
2BB8E-FXA05-H8UJH-WS1XH-MDKCA ,xbox,Gift card for xbox
5XQEJ-C6WMD-TR1GP-FY93U-G7ST9 ,xbox,Gift card for xbox
ORJPL-20M7L-NBZX8-14CSW-Q1T4Q ,xbox,Gift card for xbox
SQTX9-NK8MJ-NCW8X-AHXTK-T9BCI ,xbox,Gift card for xbox
BHQG2-SMTK2-ZHQ5E-RG5MX-LCI6G ,xbox,Gift card for xbox
ZOZVA-HU098-W9YLW-OSYGJ-D683K ,xbox,Gift card for xbox
OSF3E-1WIEC-TT07G-78N6R-Y5JTA ,xbox,Gift card for xbox
3XHBF-7XAMV-0JBKE-MZ708-LGRQC ,xbox,Gift card for xbox
7WZUD-PZ8HY-XXH1W-YQMR9-YQ806 ,xbox,Gift card for xbox
OHQIH-ZM1NV-2SHTR-UKH5Z-QCMKP ,xbox,Gift card for xbox
VHN39-CTMYU-B2S8R-XVHC4-8TTSV ,xbox,Gift card for xbox
JUR30-JX721-PCTQM-6ZI6W-JLPVN ,xbox,Gift card for xbox
4TUG9-8740A-I4C70-ROFZQ-86VYK ,xbox,Gift card for xbox
I8DZ9-DS5MG-VFMDS-AOPJY-7N7NB ,xbox,Gift card for xbox
IP69D-ZH1L9-GORJQ-VMLWU-S3R98 ,xbox,Gift card for xbox
2IXRJ-S9DKQ-WBD9F-50ZAQ-4VJ7Z ,xbox,Gift card for xbox
KJWAO-GQZKH-NFXHP-T3MRX-YDSLA ,xbox,Gift card for xbox
09ZIH-CPMWR-JU5DC-17UKA-4EQYE ,xbox,Gift card for xbox
4110E-LB2SH-WCAHW-UI3J2-81E97 ,xbox,Gift card for xbox
AQZGJ-S5LIN-9T5A5-MYRFA-OG7RG ,xbox,Gift card for xbox
N1QX2-ZWUTM-2H7FF-QIVJ2-A@UHS ,xbox,Gift card for xbox
7XAA5-9L2UD-5NE5W-Z4ZUF-ERWDU ,xbox,Gift card for xbox
KW7TN-WMQOW-9ADWU-85RJA-9VNL2 ,xbox,Gift card for xbox
4GH63-BQMD6-FCF3H-010F5-AY92Y ,xbox,Gift card for xbox
NTO9Y-U4PK6-SKUJ1-KOF7G-E8Y4B ,xbox,Gift card for xbox
98E5T-E0854-EWAYW-UWQ63-7FS1Q ,xbox,Gift card for xbox
8M47G-H2VZ3-WYFTK-U3W4I-WZD95 ,xbox,Gift card for xbox
PQWRO-53SP7-QAEBK-RGHH7-VUVV6 ,xbox,Gift card for xbox
L3EA4-VOFH3-SK24E-PYU26-3XQ5R ,xbox,Gift card for xbox
ANY36-NI05G-ZQ44M-JUHW8-S9W20 ,xbox,Gift card for xbox
JJ3HO-DI2KT-EQ9L6-BTCSU-D07TS ,xbox,Gift card for xbox
XW496-TAJFR-4KHUB-599Z3-BOGKD ,xbox,Gift card for xbox
4U119-AFL10-3VXPR-4JWJE-RW69V ,xbox,Gift card for xbox
53QEO-YL5P4-H23CZ-34F1P-DEOBM ,xbox,Gift card for xbox
I3DQ0-5L7AB-EFNOK-YBMSE-Ã˜JLSB ,xbox,Gift card for xbox
7JZ6S-87IWA-5YTGO-2IR20-6046A ,xbox,Gift card for xbox
7N4DV-VAKRN-NMSJD-CUYKL-T7NZQ ,xbox,Gift card for xbox
ZTN72-26RGY-XFOJS-VIAWK-4WFYC ,xbox,Gift card for xbox
LQWEQ-HN5X8-UHIID-GWPDA-BKLHQ ,xbox,Gift card for xbox
UWYR3-DOJ30-Q5DYJ-7RK6I-A4S09 ,xbox,Gift card for xbox
SSI2N-BL2FN-16V93-1UBDQ-Q1PHN ,xbox,Gift card for xbox
K6E2E-4GHEY-W7KZR-25DXS-X781L ,xbox,Gift card for xbox
RK20F-YG6LL-WMOT7-X738S-FCFZ4 ,xbox,Gift card for xbox
MCCJ8-A3EW5-78ZJ0-6MFVP-1115B ,xbox,Gift card for xbox
H9V2K-RUU9A-2HYF4-YVXOP-5HMFO ,xbox,Gift card for xbox
HD95H-GJ5IR-VIQSE-JUOYK-CKJ99 ,xbox,Gift card for xbox
8W5K5-IHFC2-N80FS-37SEX-J5949 ,xbox,Gift card for xbox
K40K9-KSY9E-5NW93-42HL0-E2X3J ,xbox,Gift card for xbox
P9ZIG-UVNXG-672Y9-0JU64-DJCGZ ,xbox,Gift card for xbox
29V61-NFJN8-YISJV-PX5L1-5BA1K ,xbox,Gift card for xbox
03744-NW1CC-56JVL-YQH19-JDJF3 ,xbox,Gift card for xbox
YCVBY-Z55X0-2VK28-81E31-XOPUT ,xbox,Gift card for xbox
EA6V7-YCQE7-P1BXM-175IM-9V3ZK ,xbox,Gift card for xbox
AF43F-8A8GG-8MXVT-8XSE3-RN9AP ,xbox,Gift card for xbox
5BHRR-96TDF-6CD0B-02D8B-9KR20 ,xbox,Gift card for xbox
QPI6F-UDKRP-XG02W-22HJR-45SI9 ,xbox,Gift card for xbox
6RQLN-XLKCF-NERCJ-HBUQ0-1PIN3 ,xbox,Gift card for xbox
96K93-2BVG0-6XLK6-ICEC6-21QXD ,xbox,Gift card for xbox
371ZE-NIKDC-F7YSD-FM8SG-AS44M ,xbox,Gift card for xbox
UKWIZ-8HKDU-XZEUL-HHUOE-BLVL5 ,xbox,Gift card for xbox
B0053-V4JSU-43T48-GHYOZ-65BIP ,xbox,Gift card for xbox
9XWMH-MHBMF-1W106-L8W9C-EUSZL ,xbox,Gift card for xbox
2SKIV-QZZVZ-HWGZR-KF7MJ-BLST4 ,xbox,Gift card for xbox
OAJFO-8T8SL-15LXA-P085U-XAHCN ,xbox,Gift card for xbox
GT5DN-OLFBO-S86DM-S0358-VHQPR ,xbox,Gift card for xbox
R72AA-2Z17C-7FKA2-WGQSV-TZ8JF ,xbox,Gift card for xbox
DBB54-6G3LA-GEAN4-5Q8IG-7J26G ,xbox,Gift card for xbox
7TYF7-GJMDY-TF8FV-HXOH4-EJ6RZ ,xbox,Gift card for xbox
M456U-HOVAQ-DPLOT-DEBOE-Y4ORG ,xbox,Gift card for xbox
QOJ6Y-OXMY4-T8117-MNMX7-MYPF5 ,xbox,Gift card for xbox
9ZZ1S-30MMD-GSQAO-AOW00-6D0X2 ,xbox,Gift card for xbox
X1EOR-REX4N-BZG4J-9R2IC-2K2J2 ,xbox,Gift card for xbox
Y81QI-3HF05-1DD71-K6ARH-UIQF8 ,xbox,Gift card for xbox
2M221-DNPA5-LUHFG-US1PA-VVJSH ,xbox,Gift card for xbox
WIOFZ-J9C3G-NTDNF-LOP5T-6V931 ,xbox,Gift card for xbox
Q94T2-W7PPC-Z9GAL-9RTTF-8ZDVL ,xbox,Gift card for xbox
PGMGV-2TCVP-YK896-P11YC-WOCIH ,xbox,Gift card for xbox
AGUZZ-FPZZK-L2N7V-SU68U-3AZEM ,xbox,Gift card for xbox
RU6KZ-VKSRJ-489YD-KOOVC-E05L6 ,xbox,Gift card for xbox
CV30W-50ZW4-LJ2MX-S10V4-G33Q6 ,xbox,Gift card for xbox
S9NP1-D8FWS-LAMIE-L3KM6-148VT ,xbox,Gift card for xbox
VW2CD-60G3W-TRCQV-ROUIE-BTKI9 ,xbox,Gift card for xbox
NKPNM-WVAQU-GEU4A-WT5N6-NM4EB ,xbox,Gift card for xbox
DNMZ9-JR36Q-EBAKY-9V04M-69AAD ,xbox,Gift card for xbox
L2KJV-BJWIT-OYA2L-W31AZ-UKTLG ,xbox,Gift card for xbox
HL4DF-19XB2-7QFRF-K704C-WYGUK ,xbox,Gift card for xbox
AQQSF-7D2MZ-QSMQO-UPL76-1PW7X ,xbox,Gift card for xbox
TL945-H4TOC-Z4EQG-MB8TX-ZV39C ,xbox,Gift card for xbox
BNK48-MRUH8-ST901-V2WBZ-29J8V ,xbox,Gift card for xbox
SHI8J-QERIY-E58NG-OVGJ4-ZKV4Y ,xbox,Gift card for xbox
EDQSU-F87E5-10WRO-BAHBO-F6ZRJ ,xbox,Gift card for xbox
KP324-AMNQP-WNKJC-RA1TR-NOZ8K ,xbox,Gift card for xbox
1415Y-WQNOW-VF2PQ-ATBQ0-V63Y8 ,xbox,Gift card for xbox
0133B-AVOCQ-EJ7CA-9YOWV-HQK1F ,xbox,Gift card for xbox
SAANK-117KA-3M1X5-XAK3E-OLONR ,xbox,Gift card for xbox
B50AU-G4PMK-4Z517-EW6II-R1D1H ,xbox,Gift card for xbox
HMXDP-TVREP-9BLRV-AWPVQ-FK7FJ ,xbox,Gift card for xbox
HJ1QP-CZDC5-VUOTM-462R8-01D1Z ,xbox,Gift card for xbox
KQWH9-HBK2D-9V36Y-KAL7N-AYZN2 ,xbox,Gift card for xbox
QTKNV-C9FIW-9M7U0-QSL2J-TYN6Z ,xbox,Gift card for xbox
DC2ZQ-YE4VB-00PPS-49LH7-5NE1V ,xbox,Gift card for xbox
THN56-Z91D4-3Y6ES-N8AVO-RUVKE ,xbox,Gift card for xbox
FH5AS-TUHIL-WTAMG-J9QJK-AG85F ,xbox,Gift card for xbox
93TGM-AIKUH-DSUEO-B9C1R-6EVUQ ,xbox,Gift card for xbox
NVCQV-760V0-1XQB8-SWDJW-351NE ,xbox,Gift card for xbox
5N3B0-BV080-FAPY7-92UQA-TE205 ,xbox,Gift card for xbox
FWC69-QJ7DQ-5VWRD-6Z3A6-Z6IPG ,xbox,Gift card for xbox
LZNFJ-VCM26-RAXCT-9HD3C-41B13 ,xbox,Gift card for xbox
ALM4K-PXTU2-OPTY9-0C0BL-1XRVX ,xbox,Gift card for xbox
WJZX7-7Q0LA-K4X3Y-KNYRI-C9EXR ,xbox,Gift card for xbox
JZWPF-9ZI9Z-VW4EE-B8ISL-7HRMU ,xbox,Gift card for xbox
RL1LY-8SSPK-IZF18-DP27F-64Y1Q ,xbox,Gift card for xbox
FYHLW-DC90D-R2S9S-JIHLH-XBMRG ,xbox,Gift card for xbox
WVEOM-00H5V-A6LHN-HON9F-5J2BE ,xbox,Gift card for xbox
LXVOU-BDOS9-VQ075-G1SYT-SYJ14 ,xbox,Gift card for xbox
X54KG-UWFPB-XUBZT-B1T8H-KXQ61 ,xbox,Gift card for xbox
80IMR-2Y59T-7MMOA-F001Z-DBHVJ ,xbox,Gift card for xbox
JNQ6B-HM3X9-F123R-TRRXD-7UQVE ,xbox,Gift card for xbox
TIU3T-SXASA-4PHRE-VZJ7J-TPRGY ,xbox,Gift card for xbox
8PKS5-F8Z4L-CL6QU-EE43P-L7G06 ,xbox,Gift card for xbox
C5XUE-FRQF4-MS8S9-N7FQI-1UBPW ,xbox,Gift card for xbox
BBY2M-KEZJF-SGB9P-4LXM6-UYEJU ,xbox,Gift card for xbox
6IZQT-IK60K-1Z1F8-LFL7N-XJ25L ,xbox,Gift card for xbox
CVCAJ-TZJIG-JC98V-6552B-KILBH ,xbox,Gift card for xbox
T5MJX-FQIGB-EHEIL-DZ25T-EC2A2 ,xbox,Gift card for xbox
GCRMG-VETUK-VWJLY-32V22-21H6I ,xbox,Gift card for xbox
OIJSG-A6L20-LDAFS-VKCBM-L1K42 ,xbox,Gift card for xbox
9BDWH-BNWNW-GPQRK-WRX5B-H0V32 ,xbox,Gift card for xbox
7ACW5-45DUZ-LPIIC-8APQO-WFQ34 ,xbox,Gift card for xbox
UM31U-156RM-VXJNL-BTP3G-RBR9A ,xbox,Gift card for xbox
OPL92-ZPPQC-M33VM-FJW93-658S7 ,xbox,Gift card for xbox
Q7CS3-NE2IP-JHD78-Y97S6-0DB88 ,xbox,Gift card for xbox
D1U0K-CTOED-6D0Q2-14N4S-05UOL ,xbox,Gift card for xbox
KWZQY-JM9BK-PK94A-4F5FL-100SX ,xbox,Gift card for xbox
EJEVH-10NCV-30R4N-R2QHX-CRFGI ,xbox,Gift card for xbox
B9WPH-M401I-3KUF5-C8PAV-LZGX7 ,xbox,Gift card for xbox
1R6F0-H3VRK-RTNJX-A9PKN-WRBZV ,xbox,Gift card for xbox
XVDJ8-R3DFF-QAQTT-D5INI-JXV33 ,xbox,Gift card for xbox
YH64N-T168X-LWS6B-ISWYW-3CK1V ,xbox,Gift card for xbox
DZ4NA-XC4Q6-K5UV2-7VI33-LB3B0 ,xbox,Gift card for xbox
54WP7-Y1SUP-4X5FW-14C24-UPMS8 ,xbox,Gift card for xbox
6GZV7-B5UOG-76X33-GXRZG-KB4WM ,xbox,Gift card for xbox
85PVN-ST6RL-4QH62-4KFSP-DM5PG ,xbox,Gift card for xbox
16091-QLRWZ-01066-3YYII-CLLZD ,xbox,Gift card for xbox
LI26X-6RQ7P-RTYZ3-XA1T6-69NI4 ,xbox,Gift card for xbox
OE85X-K199E-PPXMM-YD610-7SW6V ,xbox,Gift card for xbox
FV7TI-FTRN1-H6BSP-WNKS1-H6TZI ,xbox,Gift card for xbox
3QBYO-LAXUH-ZNNKZ-1IDXB-7X02D ,xbox,Gift card for xbox
X118V-S9ENM-QNJZ3-8B2V8-9WCZW ,xbox,Gift card for xbox
SS804-KXD29-151RC-TVMJG-L7MPH ,xbox,Gift card for xbox
Y9GQR-V3ANZ-NNNHV-7527S-10MAO ,xbox,Gift card for xbox
HRFSI-Z8DWD-LFFM5-EELV4-4HFFQ ,xbox,Gift card for xbox
DKQXR-MAQ5M-02NUG-L2SUY-Z40TP ,xbox,Gift card for xbox
RZ7HF-4T03X-HZ1VN-BOADW-ZT8ZZ ,xbox,Gift card for xbox
D5RW7-6UQSO-WV3CG-3TB2E-E8KJY ,xbox,Gift card for xbox
G9IQH-5T7Z4-SEXRB-BH69K-ISPJQ ,xbox,Gift card for xbox
WGE7V-U72NF-FBR12-UY3MN-PHQD3 ,xbox,Gift card for xbox
B854E-XQE3Y-XNUYF-N5XE4-YJMLE ,xbox,Gift card for xbox
H3KRE-UQ5NP-H6070-DLQ0B-3LVUR ,xbox,Gift card for xbox
4L7WQ-MYQ6Q-HNDWX-BAOFS-7EVD7 ,xbox,Gift card for xbox
4S028-80SBL-9XUEI-26CBG-4XE8E ,xbox,Gift card for xbox
3RVB3-AZ7Y7-2QZH1-50180-U019Q ,xbox,Gift card for xbox
7TRTG-A6Y95-RYJAD-B5FT1-19LJC ,xbox,Gift card for xbox
LOXQS-WJUV1-8R8L3-H6IZP-KSPTY ,xbox,Gift card for xbox
OIUKZ-5HNLA-WLWJT-RM05H-E82GC ,xbox,Gift card for xbox
89645-QGJD7-0EXYF-UEDGP-C4NFA ,xbox,Gift card for xbox
MFVZC-MOKHW-Z3R3N-PKD06-1XRKN ,xbox,Gift card for xbox
1J49T-A01N2-TIYGY-UFNUN-8BKU8 ,xbox,Gift card for xbox
ZOD54-44017-DR85V-IGEX1-P7IJC ,xbox,Gift card for xbox
4RCRY-62UYV-B2XRS-OAVLE-XAIVP ,xbox,Gift card for xbox
7F3MD-VJFVO-ADGQ4-N3KK3-E1TXW ,xbox,Gift card for xbox
74UPO-40F2Y-81UE1-IV02X-EQSZM ,xbox,Gift card for xbox
LQ5G4-3PW82-FOEBI-BT2ZA-29082 ,xbox,Gift card for xbox
71QKU-T9K13-IJZDN-AQI3L-GER5Z ,xbox,Gift card for xbox
8JNV5-PAS01-4UDRU-8RLB9-F706M ,xbox,Gift card for xbox
7SPFY-COPM5-TRNBQ-IEFGY-ZIJD3 ,xbox,Gift card for xbox
R1DMU-4VL3E-AB090-TN2P6-PO9L0 ,xbox,Gift card for xbox
UIJ4S-30KK1-MZA3X-6MRGT-254TH ,xbox,Gift card for xbox
SUHF5-2QJ27-0G4VZ-2WGPO-WLH32 ,xbox,Gift card for xbox
GY2H6-73N57-SFJLN-HE0E1-RRXFU ,xbox,Gift card for xbox
WF7UN-88C2K-IEH67-JNQ5A-KLKCM ,xbox,Gift card for xbox
E47CN-W4X08-JVF13-BE3N9-JSMTP ,xbox,Gift card for xbox
V7U65-PKTVX-NZMFO-8IAMT-8Y4JN ,xbox,Gift card for xbox
5JBJS-96ISO-W6W8F-OMPI4-T3SFD ,xbox,Gift card for xbox
YPPV9-2Y40W-68BXE-SEWNO-EBP86 ,xbox,Gift card for xbox
V81BZ-CZDZA-5TOMZ-1CG54-QON6T ,xbox,Gift card for xbox
GE8MH-5AFMI-QMHS1-A6V6Y-ULU20 ,xbox,Gift card for xbox
Y3YKP-X2SAG-XRXG2-QKAR8-988FT ,xbox,Gift card for xbox
85SL7-GIHFM-GDQHL-E1AR1-GPOLN ,xbox,Gift card for xbox
9N0Q4-RPDDA-SDUYD-D5Q8W-350SV ,xbox,Gift card for xbox
NK520-EAWCW-38FM1-YAUYV-GIC2V ,xbox,Gift card for xbox
SOX7C-BBYBJ-SCVGH-HIL5W-TPUSK ,xbox,Gift card for xbox
ALAWS-PW78S-QT9RU-FBGNB-LCIP9 ,xbox,Gift card for xbox
S2E6E-PSJU1-81CUV-J9A32-GVSW1 ,xbox,Gift card for xbox
GLZPO-P1PJB-EVDIT-9Y54V-18Z4P ,xbox,Gift card for xbox
GAHB4-HJ50M-W7Y08-EZ30P-5F3DE ,xbox,Gift card for xbox
BGTPZ-MHYUK-MZ4RF-UIUHO-JDQTO ,xbox,Gift card for xbox
K27WP-PS014-Y799E-NHJZU-A8V7U ,xbox,Gift card for xbox
4T50H-6BFR5-50ULY-NIS90-GXNQI ,xbox,Gift card for xbox
UN88M-05MLT-7JOZT-ENQM7-7ZZP5 ,xbox,Gift card for xbox
YBPZH-4WS7W-ULTXL-OU5HN-FXUC4 ,xbox,Gift card for xbox
CXRHC-V07QS-1W72B-T08DM-Y0404 ,xbox,Gift card for xbox
7BPXF-J74CL-J9UBU-WLRZP-KQICW ,xbox,Gift card for xbox
XDJQE-CG1BB-G3TXK-ATOJ6-DY150 ,xbox,Gift card for xbox
U6WM1-GB1ND-73NUI-ONMH1-D7Y3F ,xbox,Gift card for xbox
90J7R-H10SE-6TM58-EGHKM-ML396 ,xbox,Gift card for xbox
2XVTL-G10Q3-1Y63R-ISVGR-AD8X4 ,xbox,Gift card for xbox
92HD7-Y57VU-58VEV-D9WHQ-G51T5 ,xbox,Gift card for xbox
E8HOV-5ZBVJ-KHQLW-POU13-C25MB ,xbox,Gift card for xbox
7VXJI-QUWCS-1079T-03G26-WNXSP ,xbox,Gift card for xbox
SJ4DK-QT3IG-MWQNL-B3Q7S-CZLFI ,xbox,Gift card for xbox
K66NN-GJOQW-SLIL1-41DY3-RDWOG ,xbox,Gift card for xbox
LL1HU-6Z3NK-E900N-RG51A-9A5KG ,xbox,Gift card for xbox
RGXXV-LDZ8N-E97LI-TPCXN-8L509 ,xbox,Gift card for xbox
F5EXO-GKREO-PHQ19-KE7K5-PTW5C ,xbox,Gift card for xbox
99BKY-C1273-RACPU-CBG3B-10SAI ,xbox,Gift card for xbox
AWUVN-IRR1I-9ZMPN-PB60Z-FV5WV ,xbox,Gift card for xbox
K812B-6USTA-PSLNS-J61Z7-F3K90 ,xbox,Gift card for xbox
L9C3S-6X1ZI-I5GQD-PFVKW-6RADB ,xbox,Gift card for xbox
WO2NK-2HZVQ-4BTEO-OZD91-9RZ5H ,xbox,Gift card for xbox
G7PAH-NKV3J-IOKZX-OHK03-82BAU ,xbox,Gift card for xbox
XKP62-DDUKY-YD61A-NB3YU-971IW ,xbox,Gift card for xbox
36ZPN-BH6RE-VM2HK-PJTTF-YYL68 ,xbox,Gift card for xbox
SDMT2-ZLHMP-1CM1E-ZA7WG-NVZ3H ,xbox,Gift card for xbox
3REKQ-UFJE9-UOONN-KCGLG-VTDZZ ,xbox,Gift card for xbox
LS6UB-QPWVV-BJ6CB-LLGAO-595BU ,xbox,Gift card for xbox
V2B49-SVCKV-3NRMR-YM904-LH4KA ,xbox,Gift card for xbox
JAH67-ODDIB-RFLCO-DXMOF-U5XSH ,xbox,Gift card for xbox
GJ5DJ-EXLJI-JBRNL-3HX4J-4SZFL ,xbox,Gift card for xbox
B64WG-6XR4B-FWBSZ-7MP7B-IT4MV ,xbox,Gift card for xbox
20217-5UN40-4B37D-UQODN-44AXX ,xbox,Gift card for xbox
PJB64-8EQ5Z-OPSBP-9DGR7-XGWAO ,xbox,Gift card for xbox
2ZDZO-ZNPRB-BNTN2-8SONO-K444W ,xbox,Gift card for xbox
3KBMH-L5587-JB5DM-QHHVD-FTX7G ,xbox,Gift card for xbox
IEQU4-VLN19-MZ4NG-DC6CE-JT5A9 ,xbox,Gift card for xbox
06Q69-AQPP3-MI4FT-VP64S-07H73 ,xbox,Gift card for xbox
L3EWD-NSLHR-BFMFX-PQLTK-1U1RZ ,xbox,Gift card for xbox
AXEG5-ZGOQG-CS9DO-GK319-16LT5 ,xbox,Gift card for xbox
H8UU8-55DW7-6ZGG9-QIYJ2-2JX2K ,xbox,Gift card for xbox
KV8YP-ZBYWA-QFOUH-7QZM4-6XSRK ,xbox,Gift card for xbox
7G056-SUM67-L1KFI-W2T6H-75ERL ,xbox,Gift card for xbox
JKXWY-3RCEA-QOEW2-JUD2D-LKWIO ,xbox,Gift card for xbox
HNZSM-NK6XX-YAVP0-JB31V-OGEML ,xbox,Gift card for xbox
CXG01-LJN9Z-Q3LC5-ROK7Z-SF9L2 ,xbox,Gift card for xbox
S8XRF-OLKQ7-9DJM8-J2UYQ-KCUF8 ,xbox,Gift card for xbox
UCKYI-1NYD8-1EAD7-DDZUG-DTHPA ,xbox,Gift card for xbox
LAB3R-ISOAA-C257K-B6X0Y-TCCFP ,xbox,Gift card for xbox
TSUBZ-5EQJY-129YE-8IB5G-RBMPS ,xbox,Gift card for xbox
IUMAB-MG79H-1LN1V-VL2H7-OKEUE ,xbox,Gift card for xbox
8NWF9-JV349-SOFFC-37W3E-TGW1C ,xbox,Gift card for xbox
W4KGI-LMGZK-CKOM3-XVDJ3-0MXOA ,xbox,Gift card for xbox
NNXOH-DZS8T-3PGE2-3RS9Q-4Q1RN ,xbox,Gift card for xbox
NX2Y4-4E20V-FHVHG-4VPEF-VBJSQ ,xbox,Gift card for xbox
JC77D-5HE6Y-7SSLG-DDUUG-0W92Q ,xbox,Gift card for xbox
MA9R3-V8XF9-3E0X7-VIYMA-EUFDY ,xbox,Gift card for xbox
8PN4D-9B08I-RRMJ0-BKH7Z-Q36X3 ,xbox,Gift card for xbox
53A0T-6EAMH-20ZPF-NFH8F-XCAJO ,xbox,Gift card for xbox
BZUX4-YXK8V-09CMC-1TVCR-RQ3YF ,xbox,Gift card for xbox
MCV01-CVU4L-STI9B-V8C9X-1FCKR ,xbox,Gift card for xbox
A67P2-72Q9I-DJ8A4-ASTYW-U5SWR ,xbox,Gift card for xbox
OTHUF-DUAEE-B2IUP-9BR1P-V3C7B ,xbox,Gift card for xbox
9ZKJH-KOJHC-BXWSF-32ZFN-Y9EOG ,xbox,Gift card for xbox
L19TC-KI8VJ-5KUNK-PSCJO-DGRRV ,xbox,Gift card for xbox
9259J-Q46WD-SDEOL-3RRVZ-NEM3X ,xbox,Gift card for xbox
14D0V-N99FI-NONJG-KINDG-4KWMA ,xbox,Gift card for xbox
160SM-0DLKN-41DZ9-UZSOL-2TVQV ,xbox,Gift card for xbox
LS09I-BRBQA-HFENU-E4TLX-MOQRO ,xbox,Gift card for xbox
EK05N-14SRZ-1TAW-98K6G-Z6U3W ,xbox,Gift card for xbox
7SKBT-LTA6F-DOL1H-SM8V3-C1653 ,xbox,Gift card for xbox
7DY9Y-3FJK6-7MKEW-AVB88- IMFVU ,xbox,Gift card for xbox
BDJDZ-9B3FD-30H1A-0YC4J-LS666 ,xbox,Gift card for xbox
TOYJY-5RR73-XE4JX-QANQI-ZCW6P ,xbox,Gift card for xbox
DEOHU-13HEM-XMVTY-YRIN3-3UE90 ,xbox,Gift card for xbox
9AAYE-RYSMN-EK1YZ-2F1AR-8NMA4 ,xbox,Gift card for xbox
7TKX0-K60NQ-119SK-07WTL-Y9SN7 ,xbox,Gift card for xbox
LPGVJ-E1CFV-TBUOX-OETUI-T16CN ,xbox,Gift card for xbox
EYBVM-BJZ3K-MIKCU-K801C-2NL7U ,xbox,Gift card for xbox
3ZDZ4-ZQDRN-DNIMS-SXX5Q-UVQHE ,xbox,Gift card for xbox
RY83P-G18S5-XZIRY-IBB4Q-YFJTK ,xbox,Gift card for xbox
XOQIG-XIAOR-4WET5-50P8V-ADULO ,xbox,Gift card for xbox
XL2ZQ-KNNQS-OD95B-AR6VT-UPM4U ,xbox,Gift card for xbox
CMD5F-9Q1FT-5Q6X5-DQTJ7-278R8 ,xbox,Gift card for xbox
FZ897-19PA4-0UCG4-SEBUQ-9UGVJ ,xbox,Gift card for xbox
KNMC3-9X1QZ-TSH90-QVMQF-087QC ,xbox,Gift card for xbox
TEAWF-HHLFK-LHPFS-5KHBD-877ZJ ,xbox,Gift card for xbox
9YCBO-033IV-W3QOH-ZTEGB-ZYOOK ,xbox,Gift card for xbox
XH0B3-03HFX-BA19U-XHE65-VQPCX ,xbox,Gift card for xbox
PQ92I-RBLZ7-H1U89-F75P6-XOLQG ,xbox,Gift card for xbox
JJVMF-22D3Q-3GWQY-57ATT-A5116 ,xbox,Gift card for xbox
AEX1K-YZIDK-NG32U-QOFG6-VGOIK ,xbox,Gift card for xbox
3SSJ5-GLF4B-MTJA6-FRT06-5JLKN ,xbox,Gift card for xbox
QTQMX-P4GL6-NY1XL-M1MQD-7DYKH ,xbox,Gift card for xbox
R87ZZ-H9MWR-AIJOO-OSCTQ-T607K ,xbox,Gift card for xbox
L3R05-GIEBO-EV105-LMXFK-YPY2W ,xbox,Gift card for xbox
RRVTD-38K7V-A3930-H57C0-3EHIL ,xbox,Gift card for xbox
J50GL-EOP7K-N4BI4-ZX5Q5-BZDVF ,xbox,Gift card for xbox
Q3VE4-GUDSZ-8JAMR-XR583-TVU04 ,xbox,Gift card for xbox
2IKFL-PT463-3BX82-8BHPZ-6W9SK ,xbox,Gift card for xbox
FM7QM-2SNY7-8S2JQ-PXEXR-GNPE1 ,xbox,Gift card for xbox
20HIF-PBW6H-TLWAB-6XJ18-04CF9 ,xbox,Gift card for xbox
VFQHM-N9QJ5-OLJ4N-TG6UQ-6T1UD ,xbox,Gift card for xbox
NNK1L-UQ3C7-DYDGV-NKKKU-QCK2J ,xbox,Gift card for xbox
FKNGX-02P3D-SKQLI-RDFG4-NRW01 ,xbox,Gift card for xbox
UY9RW-BRZZT-QBTAH-9IEV3-S6JDN ,xbox,Gift card for xbox
V6280-0DTCL-NPWXH-LQ2KH-73J15 ,xbox,Gift card for xbox
WPOOF-5L7LS-EIHUJ-OMQQ9-UOB8R ,xbox,Gift card for xbox
PNXQY-NZFX3-5X642-GVZOY-FHZSO ,xbox,Gift card for xbox
UD2NC-3CUJE-W719W-66UFR-UEHGO ,xbox,Gift card for xbox
FAXBB-XT3Z1-CXV7I-5GCZM-T540M ,xbox,Gift card for xbox
IBN8C-PG5XU-ONSSD-ZFHHK-HLWH7 ,xbox,Gift card for xbox
4R01N-23ABV-Y6AAT-17SVY-9D7QG ,xbox,Gift card for xbox
3SQ5L-PNX9R-RR646-UB1IP-4DHG1 ,xbox,Gift card for xbox
1UB3W-31K00-UGNK2-S3AC7-F2MHQ ,xbox,Gift card for xbox
QGHH3-V7QYM-GHDJH-DMGNN-RVC21 ,xbox,Gift card for xbox
AKODU-TU3BM-RH2DV-811L9-GINXQ ,xbox,Gift card for xbox
PX86H-1A5DP-5RYZ6-M1CLD-IOCEA ,xbox,Gift card for xbox
F940K-DJP47-X8GAJ-OCV66-C2CTH ,xbox,Gift card for xbox
2D683-6FUM9-NEZ8T-Z44ZU-SCYL2 ,xbox,Gift card for xbox
E8LFV-51JZ5-8Y49R-XS40B-KEUDU ,xbox,Gift card for xbox
6N4ZC-N6PX1-965R6-KOUTS-0Z83D ,xbox,Gift card for xbox
S89NH-ZQ2II-6TQDQ-XECK4-IDVOF ,xbox,Gift card for xbox
R1C4S-NFQKX-4W95T-4SOOK-ZIZRV ,xbox,Gift card for xbox
XVU6K-GOAOG-8WYD6-P925D-Q3HWA ,xbox,Gift card for xbox
IGNKH-B27BW-N1QNB-I3XBV-HZSB4 ,xbox,Gift card for xbox
P6G2P-CSS5Q-WSWSS-74ZF5-YN57R ,xbox,Gift card for xbox
GP8DA-GDSTX-YFAJ6-6F7QU-69DBV ,xbox,Gift card for xbox
17ESZ-1WRX8-STD7A-93XM1-Z15L6 ,xbox,Gift card for xbox
NEQ34-4RB8P-HPAJC-W8YX8-51T8F ,xbox,Gift card for xbox
KB4G9-4DP39-5DCKO-7BYD1-LJEPT ,xbox,Gift card for xbox
U2UEH-VD1HZ-IMW1R-8R6YP-GDL95 ,xbox,Gift card for xbox
8VW87-8WTB7-JOG7X-DL68M-190AZ ,xbox,Gift card for xbox
4PBBO-LBQSD-GRMWE-SWI1B-BK7X9 ,xbox,Gift card for xbox
203ZU-A056Y-6C2YJ-FSSGI-QB936 ,xbox,Gift card for xbox
T4YQQ-TO4T0-4SRCI-UV6XP-MOV44 ,xbox,Gift card for xbox
CDIQW-ZDAQQ-4UEED-8DZ7U-UYOTE ,xbox,Gift card for xbox
LG08C-ZE3GJ-0AWI7-Q09HP-WJQ5U ,xbox,Gift card for xbox
D6HY3-P2MG7-ZY939-HJPJR-BKTX6 ,xbox,Gift card for xbox
BXYVR-A3FUD-QGH56-LGYWA-EJIOX ,xbox,Gift card for xbox
J3NPD-KFA6R-8G48R-SPRD7-T3PHO ,xbox,Gift card for xbox
HP159-2189L-3GBX9-H305P-IGUZB ,xbox,Gift card for xbox
ZUOY3-4HLOH-PYUOU-V4KIL-VQ735 ,xbox,Gift card for xbox
XRWF8-GS8R8-31JKQ-PR6F8-XIBPI ,xbox,Gift card for xbox
5ALP7-QY2QD-K5WML-RPNOS-9SXGL ,xbox,Gift card for xbox
UFLXF-KS4BJ-AU6A9-VRGK2-49F6P ,xbox,Gift card for xbox
JVB1V-G7U5F-UW5DV-43RWN-NTORH ,xbox,Gift card for xbox
TVVYD-SORTM-B60NG-7U94X-P75YJ ,xbox,Gift card for xbox
YCRVG-ONQOB-FBRZ9-352NP-ZSSUS ,xbox,Gift card for xbox
IXD1L-G02V7-JY5SG-MMXB7-FN01T ,xbox,Gift card for xbox
NCDXP-OUTOV-VUA59-XNFOF-NCHYJ ,xbox,Gift card for xbox
JBJC1-3015Y-4UVEA-9BIRP-GNK6V ,xbox,Gift card for xbox
COI4Z-MZL65-KHL8S-DH7WE-OUPFI ,xbox,Gift card for xbox
FOEBS-YXNFX-4KOC2-MN9G9-0QJQH ,xbox,Gift card for xbox
H2ZKW-JA25E-MR3M3-DNSKW-6VWLK ,xbox,Gift card for xbox
097P5-VBMKO-EWSER-75V5J-LELOJ ,xbox,Gift card for xbox
GD14A-P6GP7-RN6YM-NAC3C-K01DM ,xbox,Gift card for xbox
JY364-4F6J2-K3CM4-DBJON-HF12K ,xbox,Gift card for xbox
WECB3-2JH06-WVK7C-5L72S-G4YCJ ,xbox,Gift card for xbox
RUSC5-W4NGO-6P5BZ-75L3J-PZRRD ,xbox,Gift card for xbox
4JBNT-2MA8X-AJ4KY-Z7KIU-ZWJW6 ,xbox,Gift card for xbox
GDQ3U-482KY-65056-8L5J9-5SDY8 ,xbox,Gift card for xbox
V944L-U4PX8-15DA2-4GL2A-1WI4L ,xbox,Gift card for xbox
IV2MD-AZWIY-QJ1CE-W1125-QT3EX ,xbox,Gift card for xbox
Q1X01-0DMT2-3KDXM-0DW8C-62BEG ,xbox,Gift card for xbox
J7B40-QQOOU-PSNF5-5J79H-06A32 ,xbox,Gift card for xbox
BOYUB-J050P-Q9F98-FXQ3Q-VDZ4N ,xbox,Gift card for xbox
YQWDN-X8QFT-7XLPX-YRP95-2F59S ,xbox,Gift card for xbox
BARU1-HKRVY-16NTA-12BNO-ZB1KU ,xbox,Gift card for xbox
IYC4N-D5B5J-CV9QQ-VGBEZ-ZQZWD ,xbox,Gift card for xbox
NGXJ5-ROESD-70C5M-5TLL1-B8643 ,xbox,Gift card for xbox
2MB7C-UQATV-5DIQG-FRH7A-8WLXU ,xbox,Gift card for xbox
5F0A9-2TVST-HKOKV-FDM10-Q1RP6 ,xbox,Gift card for xbox
RQ9WS-QA511-E4JX9-PON2Z-2FOLP ,xbox,Gift card for xbox
FXT1P-A3L3V-RWXZ4-BKW4U-5AMJ6 ,xbox,Gift card for xbox
X6839-GQA5V-AWTOY-NO9T8-BKAQ5 ,xbox,Gift card for xbox
73BON-HO9RC-PVDK4-GDEW7-SUBNA ,xbox,Gift card for xbox
NAFOG-KUVET-80ESI-FZXWO-4M5EJ ,xbox,Gift card for xbox
Y1002-V8PHU-6CPH4-32TZT-3060X ,xbox,Gift card for xbox
B6QGX-ZCCHA-JD08C-RFS8M-120C8 ,xbox,Gift card for xbox
41ENY-ALT6M-JNFSE-0J90B-UMHDL ,xbox,Gift card for xbox
ECOZE-P6QBZ-A4WPR-VJX3T-3YHBQ ,xbox,Gift card for xbox
CP70B-05AE5-X0XD3-MVE4T-40AQ6 ,xbox,Gift card for xbox
E3DF7-R54V0-2MYVC-VMB6Q-J0C64 ,xbox,Gift card for xbox
UQQTT-VNQUH-W5DZK-K0807-04UYI ,xbox,Gift card for xbox
J1PXH-3CS1E-Q0Z8C-7KW9W-RIJB5 ,xbox,Gift card for xbox
ZLE03-J7ES9-7W01C-1PC01-3PZ33 ,xbox,Gift card for xbox
08B7N-309MR-9V7IU-9ENNL-GEX5B ,xbox,Gift card for xbox
FGGUI-G1061-GFVFX-URZXI-COE1C ,xbox,Gift card for xbox
3VUJC-E3RE0-7XMG5-2FG80-QGXVB ,xbox,Gift card for xbox
900VM-00Y28-LYOP2-TPIMO-OCZEH ,xbox,Gift card for xbox
XHKLV-GVJDN-VX01T-OG29R-KMPUU ,xbox,Gift card for xbox
P6HZ0-4YG20-2HH2F-YZB1Y-W7EZ ,xbox,Gift card for xbox
1WFLG-UT6HT-0Z4V1-Z6TIZ-ROVUG ,xbox,Gift card for xbox
EXFCG-PORQU-UK594-6QFH1-SRKVV ,xbox,Gift card for xbox
OGWBA-CL4NM-3NR6G-PNALO-CYSOL ,xbox,Gift card for xbox
EHRBP-C27HJ-8TQ9Y-YZS76-8RW3M ,xbox,Gift card for xbox
NRIM2-Q08W5-NY11R-2MB51-XGY4F ,xbox,Gift card for xbox
KABW9-4ZXD9-WVX2H-56X53-DAUXV ,xbox,Gift card for xbox
714IX-Y78HN-80SHT-K7Z0O-WML2L ,xbox,Gift card for xbox
HBOY3-0SULT-2600C-XX1JL-EOQCO ,xbox,Gift card for xbox
9VDP7-PA9MW-8C8R8-QROF5-92HZZ ,xbox,Gift card for xbox
1X7L2-L20JB-UDUJH-87UQY-68MHP ,xbox,Gift card for xbox
HOY88-F6RIN-B4MZH-DLFIW-SRSSY ,xbox,Gift card for xbox
J26P5-RWHWN-IWM2G-EX7UL-HY746 ,xbox,Gift card for xbox
MDPIM-2EC43-10T71-ASKDD-8Y2Z1 ,xbox,Gift card for xbox
JWK4R-MKJ4Q-LNISL-EUOH6-QUUMB ,xbox,Gift card for xbox
UQGPY-NZB4Y-41S7A-FT330-1UKE0 ,xbox,Gift card for xbox
8K3K9-2H9X9-A6998-019TL-B4TN8 ,xbox,Gift card for xbox
TFZYU-ZGFP5-VA0Y3-JE9MB-UMW78 ,xbox,Gift card for xbox
NR7C7-T629Z-ZFDOC-PRJ95-06TGL ,xbox,Gift card for xbox
SOGND-Y46QW-HL47B-KWTSH-GGJDN ,xbox,Gift card for xbox
Z03C3-VOGFI-UI8XE-MFGS3-VI27A ,xbox,Gift card for xbox
5AAHE-Q24LO-VJUVT-25A10-Q7A1T ,xbox,Gift card for xbox
EJM6N-XZZGO-DO3CD-1NQZ3-WOR8Q ,xbox,Gift card for xbox
90MG7-C58SD-FNA1B-PONZJ-PQ1EF ,xbox,Gift card for xbox
TPWWY-J5XOJ-Y2NE7-CRP5P-ESW15 ,xbox,Gift card for xbox
EG4WR-Z8TXL-EPRBL-AMUWR-EWK3U ,xbox,Gift card for xbox
3ZWH1-H8WWX-SYC98-2079E-F49J8 ,xbox,Gift card for xbox
134YQ-5VUU3-WIFS4-WS8X3-L42H4 ,xbox,Gift card for xbox
KOH94-YKNTK-QMD8C-NSCPD-SUMDA ,xbox,Gift card for xbox
PU3Z5-LLK94-NBEP5-CBCUT-V40P5 ,xbox,Gift card for xbox
1C5PT-7QC7C-ORABX-RN6S8-TVFRP ,xbox,Gift card for xbox
L2NXL-RQ5SB-XBXQH-ZGXFO-2T20U ,xbox,Gift card for xbox
J1UDI-OJAJJ-X3KCZ-EF34C-LWF4E ,xbox,Gift card for xbox
SN91P-1MJ24-CUXD9-3BJOH-GJ02F ,xbox,Gift card for xbox
BFRL9-14V2R-90YXT-BNFLU-C0702 ,xbox,Gift card for xbox
3AAMP-77VPD-32NTO-FWDJH-G498S ,xbox,Gift card for xbox
PVU6V-5AFLR-V7K4I-KHE7U-FZ1LL ,xbox,Gift card for xbox
SN1TS-P1GG8-QRHZN-QIP49-EWJDF ,xbox,Gift card for xbox
M3UAL-I3EQC-QQ6GA-83KXR-GBRAX ,xbox,Gift card for xbox
NLEF1-660SU-FOMDR-A65VT-YVPKJ ,xbox,Gift card for xbox
YOC1D-28ZXH-GUHHR-WM6DG-YRDV8 ,xbox,Gift card for xbox
1PFP7-ZB9J7-24ZAT-RW37E-CKY8Y ,xbox,Gift card for xbox
U1C7N-URBBN-OELOU-OZBZJ-2HC2F ,xbox,Gift card for xbox
FSJX1-0ZISB-281WW-98SPL-VE30Z ,xbox,Gift card for xbox
YBP23-RBNGX-QP6KO-LL6HR-ORTYB ,xbox,Gift card for xbox
WW59N-UH5HI-URJHC-HV1P2-RDZGS ,xbox,Gift card for xbox
Q2QAJ-OSH20-IRZOE-M3ZR4-ATIT5 ,xbox,Gift card for xbox
W270Y-TG61Y-FIOIE-DVHRT-GQLJO ,xbox,Gift card for xbox
I7NEB-GTOHM-OXAE9-OVPJ5-ZJJCG ,xbox,Gift card for xbox
6T0DX-B2SF5-THTLH-SV601-2P2NT ,xbox,Gift card for xbox
HH5QX-R2WND-A7J0V-U7B09-USUNQ ,xbox,Gift card for xbox
ZST8V-2MWYB-7IH8J-8YEWG-U9595 ,xbox,Gift card for xbox
8KORZ-6LBEG-XCDSW-9FAQY-IRS97 ,xbox,Gift card for xbox
AB3M8-2YWBZ-MC9ZI-IY6NX-YYZVL ,xbox,Gift card for xbox
OTBA2-XRDOX-Y6HHG-LTB7J-IF83Y ,xbox,Gift card for xbox
ILWXE-V2102-B7C2K-BD8M7-YQEZG ,xbox,Gift card for xbox
HX75Q-FBR7C-P3FNL-OZMKL-M85PY ,xbox,Gift card for xbox
5Y81A-EF8ZS-TZ42E-U071C-PTK64 ,xbox,Gift card for xbox
MCN2Q-3EJ7P-IC9L5-ZZFMY-5LLOA ,xbox,Gift card for xbox
Y7SPI-OTGFM-HFRTI-ULLQC-POCBF ,xbox,Gift card for xbox
LM7B0-QSHNC-QKXEO-99H03-68WWJ ,xbox,Gift card for xbox
AAKDH-A5BOA-JGJ21-J3S8R-U6S6N ,xbox,Gift card for xbox
WK005-4DKE1-MTVB7-LERGR-EI2SH ,xbox,Gift card for xbox
3M8QF-KMOPW-OGRSE-R5CP7-AGJ5V ,xbox,Gift card for xbox
OQC7G-3GKBU-7IPKH-CUW2Y-55LR4 ,xbox,Gift card for xbox
4POVP-QB15R-6QNVZ-07BVR-7SC1K ,xbox,Gift card for xbox
FI4U2-6823C-QGD29-NW27Y-2118G ,xbox,Gift card for xbox
A9DIU-H39BL-P4AXC-YUTM5-G9C4X ,xbox,Gift card for xbox
FSBZ4-HPFDJ-0C312-LK8BL-DXSJL ,xbox,Gift card for xbox
YCR5D-CUORX-N4KKM-VG3SC-AXVM4 ,xbox,Gift card for xbox
4HHLO-SFRK8-1UB5Q-52KC6-2JMZT ,xbox,Gift card for xbox
SSHS4-BAWVW-7KEVU-75VYH-JONDA ,xbox,Gift card for xbox
SPHVF-RPQKB-WEJ25-4MKZ9-GJ6CB ,xbox,Gift card for xbox
ZLX5Y-PXG78-5PEAO-OR941-MYRGT ,xbox,Gift card for xbox
H8M6D-Z9HWY-P98Y2-LOXLI-BZ43R ,xbox,Gift card for xbox
KZHV6-KG03D-GB74K-UOVOR-GLCT6 ,xbox,Gift card for xbox
GNADO-ECMKM-HMTN6-Z4RXE-ZJIA6 ,xbox,Gift card for xbox
MYWSC-V4E8F-FANWJ-SL01M-V1IBQ ,xbox,Gift card for xbox
P2CZ7-1HIGL-B4EKU-Y360H-YY1U0 ,xbox,Gift card for xbox
WNFJZ-3HCUU-C71BC-UM47J-U9PCX ,xbox,Gift card for xbox
L98R2-SOT50-T5MUY-FT6SV-4G988 ,xbox,Gift card for xbox
JTV01-AUKVM-TK9F8-X16RQ-DWI14 ,xbox,Gift card for xbox
DB5TQ-CV6B4-0816N-UAY7J-G0E6T ,xbox,Gift card for xbox
QXBG6-HG3UC-FI8BI-ALZRB-CL3KX ,xbox,Gift card for xbox
RPULJ-EPTTG-L1P80-XYDGL-X076E ,xbox,Gift card for xbox
PND33-S7WQ5-WDI25-01VJ4-4YPJ0 ,xbox,Gift card for xbox
IWP6L-G8M05-P966Z-EZIOW-2BFMF ,xbox,Gift card for xbox
FW9EE-26JNM-IHV51-ZMGKE-YGDXT ,xbox,Gift card for xbox
IH3MZ-3M8A0-H5C04-FJE9Z-RPL7I ,xbox,Gift card for xbox
CBKT5-UXSFU-05FQA-OIIK5-P2KYD ,xbox,Gift card for xbox
815IP-BE3YI-MCRVK-0J5AR-BRHA4 ,xbox,Gift card for xbox
Q4SLA-IW3KP-TRVF5-IE670-GOFK6 ,xbox,Gift card for xbox
IHFPE-C2KZW-CQ13R-XH7VC-8WS5J ,xbox,Gift card for xbox
HKRXE-S4KFB-RGHOL-20DZK-82U8X ,xbox,Gift card for xbox
QAYA4-XR52Z-IRDCI-PBZSO-DEJOJ ,xbox,Gift card for xbox
2ZM2E-U9YF1-1A7KH-V55PH-59B4G ,xbox,Gift card for xbox
BWGIV-B53XY-VNOQY-M7NCI-PRTWG ,xbox,Gift card for xbox
R9YPP-4X2V9-JZ7LM-2ZOFI-YCPJH ,xbox,Gift card for xbox
10SSF-05PB0-XVV09-51VBT-KAQ53 ,xbox,Gift card for xbox
5YSMX-EY65P-JQJZT-XTMRY-BD708 ,xbox,Gift card for xbox
ILF66-LZQP4-RVLD8-ECXQU-XUV4P ,xbox,Gift card for xbox
8563W-XUDTR-LMTJD-A22LN-C3D1Y ,xbox,Gift card for xbox
J3EVU-WPG50-08G9H-FYN9S-HP5VF ,xbox,Gift card for xbox
P4KIK-MX3K6-ZYGNL-VZGMB-GLZ7X ,xbox,Gift card for xbox
DRPMX-XL2LU-FC3UU-E5P6N-ME5QC ,xbox,Gift card for xbox
WJ1FX-753YR-N7772-MLMRU-IW6C3 ,xbox,Gift card for xbox
7V5IV-039IT-3FCZ1-7T3R7-8ADQS ,xbox,Gift card for xbox
QHSSR-CDXCL-JZDX3-WH0B6-GOV5V ,xbox,Gift card for xbox
788Y6-XI5C3-0M5QR-N29U3-15BR5 ,xbox,Gift card for xbox
EB1MF-OGDRY-KI6JK-7BN78-XFPLY ,xbox,Gift card for xbox
02IQV-FEDYD-1DBQG-ZQOBT-YB42A ,xbox,Gift card for xbox
Z6BG9-OMINU-4MKXV-9Z3NZ-V61TQ ,xbox,Gift card for xbox
AK7J8-KBU51-W369D-F2PVV-OS07K ,xbox,Gift card for xbox
I2XOV-ZS11G-TE5HK-G3MME-HQF40 ,xbox,Gift card for xbox
OLMLR-04RWG-T7179-N7KVA-7SC8W ,xbox,Gift card for xbox
4RF9K-A2QTT-PT937-TT5KQ-7U4NX ,xbox,Gift card for xbox
G1AFS-IMWM5-FQ69U-CBV23-GQN60 ,xbox,Gift card for xbox
4FEAX-Q7BF4-2UZ1X-3CECT-IS40W ,xbox,Gift card for xbox
L2005-YPOW2-CQF05-4EDIX-5RPA7 ,xbox,Gift card for xbox
38BQR-6Z04E-RB8UP-XAGTI-ISNRF ,xbox,Gift card for xbox
ET682-YTHJN-R7KLJ-KVD1L-127D0 ,xbox,Gift card for xbox
94PPQ-8Z50F-QYKNQ-COZO1-DGZIF ,xbox,Gift card for xbox
DYOW2-5M901-08Y80-CGZ6T-W4UKJ ,xbox,Gift card for xbox
615CZ-C1QIO-HEOYO-IFKP4-F1A0S ,xbox,Gift card for xbox
20IH8-40WQM-6RUOG-06BJI-PWQGC ,xbox,Gift card for xbox
OZDE9-24KCN-KJCXI-UYBOE-AZAXW ,xbox,Gift card for xbox
NFC1Q-QTJYX-K7VRW-ZFZ8P-MGP74 ,xbox,Gift card for xbox
L7D76-YVI7E-31X22-51ZIY-5F8P9 ,xbox,Gift card for xbox
QXTM6-0AFGU-X498W-5R5IH-QDS09 ,xbox,Gift card for xbox
ZB1XV-8YQ3X-N3LLV-9JAR2-FWVBP ,xbox,Gift card for xbox
8JHMO-RY9R8-XOHJO-GEF10-56UOL ,xbox,Gift card for xbox
6FNK7-3G4CT-XER7X-441VI-KGHFN ,xbox,Gift card for xbox
A2IL1-6CYVZ-DKORP-H8FHM-XZU6A ,xbox,Gift card for xbox
NCI3K-05SER-TA9CY-CTCMF-4P1F6 ,xbox,Gift card for xbox
EPP41-MRRP7-8LVV2-OWUT2-ORVLO ,xbox,Gift card for xbox
OK24T-IEA98-ZWSQT-F9ENH-HFZEY ,xbox,Gift card for xbox
82FSV-196MW-TUGQP-2FKOW-KC66M ,xbox,Gift card for xbox
HEDT9-L3IAY-LZOA7-Q8D61-94M1C ,xbox,Gift card for xbox
9MT8N-7QZF5-V5RWE-1PVZ7-X1HCP ,xbox,Gift card for xbox
W64FV-DWYDI-AZ7R8-2DV6Y-U1Y06 ,xbox,Gift card for xbox
XNOQS-RWQM7-575GI-94737-X6GTJ ,xbox,Gift card for xbox
OROJ3-J2051-R7IBK-T5K18-XZH97 ,xbox,Gift card for xbox
CZIVL-QCB02-2SESF-BSXUF-7F1PC ,xbox,Gift card for xbox
4M4NL-DLQ2U-B60KF-8UM96-0WM3C ,xbox,Gift card for xbox
KUW7V-8S984-2DA4I-2J5CR-6CW7D ,xbox,Gift card for xbox
HBGVO-NZ1CT-BDL5E-DULMM-9WUAN ,xbox,Gift card for xbox
10YCO-MK1E4-13J2S-32AYP-CC812 ,xbox,Gift card for xbox
XORNF-D1L2P-E6R8L-SQY93-S8ZH9 ,xbox,Gift card for xbox
37POR-JS2NS-J185L-ZC7WN-QJT9A ,xbox,Gift card for xbox
LUVOR-52GZ9-3H60Q-PJQVB-ZNQHS ,xbox,Gift card for xbox
P9V2W-NTVCC-CJQTM-YWNYZ-1MY6Y ,xbox,Gift card for xbox
RN7G7-RZYYW-0ANW1-0QGUE-RQTM9 ,xbox,Gift card for xbox
HGL3Y-2OZII-28P3Q-89AUO-QWNPN ,xbox,Gift card for xbox
BTU6U-G5V9H-T1L2W-1TK3L-RM8YS ,xbox,Gift card for xbox
CTGP8-6NA1M-DPMEX-FZIPO-OQKJ5 ,xbox,Gift card for xbox
VMBEO-PV4JO-SZAQZ-UVMFH-WUODP ,xbox,Gift card for xbox
T58QW-OCVLK-GYMYR-7SLR3-BU4RM ,xbox,Gift card for xbox
96A06-SZ009-2KZUK-XFRFR-QHIHK ,xbox,Gift card for xbox
NN2LP-UQ13R-2QKVO-D864H-EQ7F1 ,xbox,Gift card for xbox
KAZTC-KT5HN-G1QCW-U4UVK-G23MM ,xbox,Gift card for xbox
DNVHR-RG48J-PGZN3-02B6D-IPIDU ,xbox,Gift card for xbox
N2Y67-XA2TO-R6RRO-SI8IP-E4MYY ,xbox,Gift card for xbox
HYT2D-CTNRH-MXWM9-N4G9B-A0F1R ,xbox,Gift card for xbox
XY0S6-WLLV1-Q6KWM-THWA6-7NPF2 ,xbox,Gift card for xbox
FLB35-IAC59-UXZMD-DOSWC-FCV4F ,xbox,Gift card for xbox
1PLOR-GI6DM-D5W3F-TX6XV-OZWV7 ,xbox,Gift card for xbox
WOK46-286GX-DTI8G-RFTIC-EZRCT ,xbox,Gift card for xbox
TMK5V-5EFJV-4GAJQ-OYTHL-76DGY ,xbox,Gift card for xbox
4NNVC-23Q50-208TN-P9P24-SYQ9C ,xbox,Gift card for xbox
LNEMN-R2EQU-RQYNR-RJVBZ-4PZS9 ,xbox,Gift card for xbox
5N73K-4MC3B-UEK1D-C1U8G-I1HJ5 ,xbox,Gift card for xbox
2S2C0-A3FJ9-1B6J9-A4NA4-W5F8N ,xbox,Gift card for xbox
F2IGS-OT3XZ-SQZP8-9E1IM-LTJGG ,xbox,Gift card for xbox
G5GTM-VQR6Q-LTLWS-CWGTC-HEDFS ,xbox,Gift card for xbox
44Y3G-5YQQ5-RTRQI-5WJ9W-IQ32U ,xbox,Gift card for xbox
NV4K3-FEEWU-OUFQM-7C0QX-X3ASF ,xbox,Gift card for xbox
ZWJHT-J2QD8-K5SSC-6ZKK8-MMVIJ ,xbox,Gift card for xbox
CT7IZ-UXK2B-EF3GG-P8RLQ-2RDKX ,xbox,Gift card for xbox
U92GF-J6SGR-FXS7W-C28Y7-FOF6B ,xbox,Gift card for xbox
ZJ2U2-8E08Y-DHCJ0-4470P-OBWOF ,xbox,Gift card for xbox
PX2YR-ISHG2-TPDC5-MVRUG-PX9HX ,xbox,Gift card for xbox
Z68BH-B06Y5-U8NKM-GDAYH-KJWEZ ,xbox,Gift card for xbox
YY9HF-37K5W-BGMH5-LDJRD-3LZFM ,xbox,Gift card for xbox
NF1ZV-Z31ID-SBYSI-4JZ3E-1G9HD ,xbox,Gift card for xbox
ZI3VK-656NR-H852A-MM7U4-ZP86S ,xbox,Gift card for xbox
2HN91-90GF6-LH9TW-Y5TBO-VWZB2 ,xbox,Gift card for xbox
IGEY9-GS2VT-AY8QH-F6N6M-SI766 ,xbox,Gift card for xbox
49HMX-XAAZO-HVPZ7-HAXGV-DMC4U ,xbox,Gift card for xbox
YXP3T-UMRJQ-ZLS07-0TB9D-1XCDS ,xbox,Gift card for xbox
FZHDA-VSRDW-3A5SA-USAWP-76AEF ,xbox,Gift card for xbox
YVQJX-E5D2F-N7PV0-R4NOC-UKFNS ,xbox,Gift card for xbox
XHTAP-JNS16-3LBGF-PAM04-4W8DG ,xbox,Gift card for xbox
635F1-WWC0Q-EVUPR-B7WKP-HOFGF ,xbox,Gift card for xbox
1WS2Y-R4401-3V5UZ-JUT8X-EZKX9 ,xbox,Gift card for xbox
BWBWO-BMKAY-Z2637-8WC9S-JOPU8 ,xbox,Gift card for xbox
FA269-T5K98-IJVB5-1YTFR-ICQTO ,xbox,Gift card for xbox
CE9PB-7KJLP-85GV2-HONTY-9TDIV ,xbox,Gift card for xbox
733ZT-927V1-877R5-4B9NX-AZYS8 ,xbox,Gift card for xbox
OY781-SJVEO-HH4E2-3U5GQ-OAMMK ,xbox,Gift card for xbox
62AW2-LP111-D2AWU-F4N9E-BRTAW ,xbox,Gift card for xbox
DQ5U3-RFEJ2-K866U-6FYYZ-PDS6H ,xbox,Gift card for xbox
6LHQP-45ZII-KRYQS-LJMWX-Q8T72 ,xbox,Gift card for xbox
GOTRG-VCSXP-KZOQ8-A4PCX-NFF20 ,xbox,Gift card for xbox
X61CF-QVJ2Q-DLD24-WLLYS-QKXTO ,xbox,Gift card for xbox
5YI2P-N7RWJ-70U9T-Q8EI7-MYXGI ,xbox,Gift card for xbox
9DPNG-XN6WC-15JF7-9YXTE-S3YL7 ,xbox,Gift card for xbox
RVS3X-N3V8G-KBWKI-46NEF-645L3 ,xbox,Gift card for xbox
CEQVQ-VLU7X-CIT34-AOSH6-6DFK4 ,xbox,Gift card for xbox
8KPWA-G9NEE-CASTK-HNA8Q-KGNTZ ,xbox,Gift card for xbox
ZXV6L-8E5WJ-KTF9M-S2IJU-P8IRI ,xbox,Gift card for xbox
MIRER-3BIBJ-W2JTC-IACCW-3UJIR ,xbox,Gift card for xbox
210CL-SPG5Y-189HF-6J2VN-RQ9U8 ,xbox,Gift card for xbox
SVSI9-WT139-DEL20-2H477-THYIX ,xbox,Gift card for xbox
OM1CF-PLK5W-Y4M9W-GIKFW-VED71 ,xbox,Gift card for xbox
ZOSIS-51ITU-FZ7RQ-2WIP6-E1ICX ,xbox,Gift card for xbox
YFYFW-U9EYL-FVGSO-HT736-0DL9H ,xbox,Gift card for xbox
N3UAK-MPDBT-DMLOQ-XX892-705XF ,xbox,Gift card for xbox
2UD2S-LBPFU-UV46J-42POM-CP43J ,xbox,Gift card for xbox
5YB98-2ERL5-35CRF-BZC5T-PVY9V ,xbox,Gift card for xbox
4XTU5-USBY2-EPFKE-8INUI-4T6AS ,xbox,Gift card for xbox
VATZ7-03RIP-YF30D-74Q9R-SM1S2 ,xbox,Gift card for xbox
YK8C1-RMM74-FKBK3-601K2-CAABH ,xbox,Gift card for xbox
X15NN-AMPQ5-0J9ZM-AUWBH-HQ5LU ,xbox,Gift card for xbox
904YO-ZUKBW-7JRBP-XCOZG-8N5XZ ,xbox,Gift card for xbox
P53VU-FK57U-WQP7M-WPTNZ-DRW9R ,xbox,Gift card for xbox
YGIJE-E8VFM-YNOYL-RWZFO-OTI1P ,xbox,Gift card for xbox
4VENZ-JCPPG-GUWI2-ZIM4S-F2WVX ,xbox,Gift card for xbox
3840A-JFIEQ-GX3ED-KUDHG-18MTP ,xbox,Gift card for xbox
0716D-8FG1N-HJEM4-05KXE-0QXFM ,xbox,Gift card for xbox
6F8DP-TIXDG-BZ9GZ-W5YOJ-TGXK4 ,xbox,Gift card for xbox
2BKKQ-L1B8A-NOE36-NILRN-K8BRX ,xbox,Gift card for xbox
ER167-TONG1-WI3LL-IWRFA-PA18Y ,xbox,Gift card for xbox
8JYWO-00IUD-86A0B-06TGN-SNG8K ,xbox,Gift card for xbox
NY4XI-5EEJ7-35GJF-A0BU9-KNOID ,xbox,Gift card for xbox
2ALZS-QEJOP-2BJVO-7U4WU-1X6I3 ,xbox,Gift card for xbox
LTR8J-IIZWT-G2ZOA-ON2Y9-ABZ93 ,xbox,Gift card for xbox
7PPCS-R6LNF-9K593-01KRC-EEX81 ,xbox,Gift card for xbox
E9HS5-19EXZ-N7FIT-5SCGD-XHNXT ,xbox,Gift card for xbox
EMZKF-F922H-00Y12-NOHFU-BP7H8 ,xbox,Gift card for xbox
PX5R8-XJTSF-FVBP5-4DHPB-P8H8P ,xbox,Gift card for xbox
H2740-K3Q0X-U00DW-V4RIS-NLZFL ,xbox,Gift card for xbox
ON7HX-4E3DN-TPG97-QGSZ2-863BJ ,xbox,Gift card for xbox
BLXX1-NTK30-UMR90-YPKGW-MX84S ,xbox,Gift card for xbox
Y166L-PRAME-PWONB-57BGY-XF3VW ,xbox,Gift card for xbox
OR463-FOPM5-H421J-FRLAS-72C9F ,xbox,Gift card for xbox
ESBSO-B87ML-602JK-VP480-KTQLB ,xbox,Gift card for xbox
KX10F-108ZN-ZKEY1-L8D9F-RAZUE ,xbox,Gift card for xbox
OMIDB-RKGDX-CA8VP-B8P8X-OMS3T ,xbox,Gift card for xbox
3KTV0-CT3VB-S7M5T-6TVXI-GYX3Y ,xbox,Gift card for xbox
AON3L-62KDX-9WSM4-J9PI1-VU75Y ,xbox,Gift card for xbox
F8Q81-6SM1N-AMYAE-HF5PY-VZW85 ,xbox,Gift card for xbox
LP514-12HVY-BIMBP-UFTA3-OGF8D ,xbox,Gift card for xbox
RW5QD-7ECKF-5W624-P5WI4-N67KD ,xbox,Gift card for xbox
OMDID-YANPR-ZEBEP-HOLV3-SHSCO ,xbox,Gift card for xbox
N22W5-B8JMN-08YOT-DRNL6-UPKKT ,xbox,Gift card for xbox
VRXDC-WAEXC-Q2N64-JG091-T900A ,xbox,Gift card for xbox
HCERZ-TWRD7-AS48V-MNW17-XL2DL ,xbox,Gift card for xbox
KW4WV-MD7CC-X1HFN-F8D7D-NCH4G ,xbox,Gift card for xbox
M244J-H5UGI-PN67V-INSUD-WEZ6Y ,xbox,Gift card for xbox
58359-Y5LW3-MDWMC-065CM-09GGU ,xbox,Gift card for xbox
7AUDV-RDOLO-EORJF-EUHGY-RKGDO ,xbox,Gift card for xbox
HXEOW-XC6G5-UOL5C-92XUN-JCQOL ,xbox,Gift card for xbox
NVJXA-BMLDO-20FXF-JTLPU-AW7DA ,xbox,Gift card for xbox
VBCGE-PKWOP-1K88T-EMOC3-XNJZV ,xbox,Gift card for xbox
C4V4E-HRW6B-4ZQ1H-U2RVD-40VWZ ,xbox,Gift card for xbox
WXFQ4-HKC91-73J13-H8XGA-9B0BW ,xbox,Gift card for xbox
HQ304-9F3NU-E1CZ5-74QXZ-5WXLH ,xbox,Gift card for xbox
NO99G-1C6XK-5RLAZ-1ESJJ-7Y04M ,xbox,Gift card for xbox
8PP5F-TUW5W-DWFMZ-XX5TJ-VEOCF ,xbox,Gift card for xbox
90TS2-ODOLJ-11H05-TSQOB-E6ABO ,xbox,Gift card for xbox
7MYTK-J05F5-NIRKJ-DX6RN-3QZON ,xbox,Gift card for xbox
9WAMZ-J8MT1-VHYJL-962TN-QN9R5 ,xbox,Gift card for xbox
MODHT-IMDOV-MNA88-AEK9U-VY3IT ,xbox,Gift card for xbox
TVIJP-62G66-8NBQR-BE4FN-5QS2R ,xbox,Gift card for xbox
4HQJR-ZQFN6-GL40L-X82YQ-COZ6X ,xbox,Gift card for xbox
VAVWL-Z9Q1S-NGCZS-39BJN-OSMTK ,xbox,Gift card for xbox
H3X3G-P2RBB-ZG04U-5TL4H-2ZKER ,xbox,Gift card for xbox
282PM-25EDA-T6PIZ-Z2TOS-03GOF ,xbox,Gift card for xbox
7NXKR-QKSC6-9ZEUI-HDG8U-DZ244 ,xbox,Gift card for xbox
FOO8Z-QOTOC-KR284-5PPM7-YG2L4 ,xbox,Gift card for xbox
BE8T4-13ASW-PSEBP-8F4S1-E9LC6 ,xbox,Gift card for xbox
GDF7T-52ESZ-N788A-07UB8-Y10LJ ,xbox,Gift card for xbox
JUVAH-UPS2E-28BXU-G8VZ7-6PD3K ,xbox,Gift card for xbox
8BMDH-S7GIC-LMOOP-5SZ6K-XUU9I ,xbox,Gift card for xbox
VBEGK-KXAEQ-A00WP-YUIFJ-PKB34 ,xbox,Gift card for xbox
ZOUB3-RIW43-MVR7G-95Q1R-YX6MS ,xbox,Gift card for xbox
N5800-H2G4C-CIHLZ-G1FB2-Q4VV1 ,xbox,Gift card for xbox
8JIZZ-2XDOF-V9VE7-9LC4H-5F06D ,xbox,Gift card for xbox
XK420-VCCWH-JY4VW-YDT5W-S9UFF ,xbox,Gift card for xbox
AAMRI-BFWM0-7KUDL-38IZK-1S91G ,xbox,Gift card for xbox
U8KMO-WR10K-SR6F0-4YJ88-HA962 ,xbox,Gift card for xbox
AXH5I-ILDMJ-6YGEL-6MS5H-MTBR7 ,xbox,Gift card for xbox
67M9K-OXEXM-V8JL9-A41DK-8GYPS ,xbox,Gift card for xbox
DORLM-U9UK1-YEF6N-5T8YL-NVG9N ,xbox,Gift card for xbox
4R8U1-XLB3T-LFJ9E-ZFBZC-WT73S ,xbox,Gift card for xbox
DENEJ-8UGW9-J7F2Y-AHC42-DMCRH ,xbox,Gift card for xbox
JAXA2-302KA-ICSWU-ZCQQL-G91X0 ,xbox,Gift card for xbox
OZ1YI-55VE6-HR8WT-4TL6T-IYI55 ,xbox,Gift card for xbox
IB6DG-SM48B-IPTSD-IUSR9-ADKMD ,xbox,Gift card for xbox
469XR-80VKW-3409X-UULWB-912YV ,xbox,Gift card for xbox
KX2JH-Z7NJE-A90PL-ZV81E-2ENAU ,xbox,Gift card for xbox
HQHBH-JNKSS-HWV44-1BH30-LTU64 ,xbox,Gift card for xbox
IQOJ9-6MH30-MS9HG-H8RC6-JV9FH ,xbox,Gift card for xbox
LAZET-LZOOH-5BU6Z-QMS7X-2U606 ,xbox,Gift card for xbox
3LOV6-LGUQV-C7ZU5-Y20ET-Z3T48 ,xbox,Gift card for xbox
KK7TY-XCISC-356QY-4THXW-P0580 ,xbox,Gift card for xbox
SK3ID-55JR7-GWB13-Q0PBH-IUSKS ,xbox,Gift card for xbox
SABSU-SQZ7W-XCG7G-K7SYM-YHAPJ ,xbox,Gift card for xbox
DYZSG-YCPV4-Q7GVG-II22X-HTM8E ,xbox,Gift card for xbox
P67RE-KZJA9-DUHM2-NL4JH-64Z07 ,xbox,Gift card for xbox
6QMWD-8DGRC-4TKCD-3WLUZ-9J3NN ,xbox,Gift card for xbox
ELOL4-HUCLI-3RAIU-OUCNY-C6JFI ,xbox,Gift card for xbox
W5KNA-09J14-YCJHX-EFNIW-GG02E ,xbox,Gift card for xbox
IABTY-QRV49-FOX1X-OM47G-3LW62 ,xbox,Gift card for xbox
YQGL6-VOPWO-DVL9Q-T2DJM-ODBUZ ,xbox,Gift card for xbox
DSBIX-PYE44-TOXN3-INR5I-HHUPS ,xbox,Gift card for xbox
RGHOV-EIGEN-FTT3S-WUFOH-1IYOD ,xbox,Gift card for xbox
PUGNA-J5H1A-CTFOF-05C3L-7QNK7 ,xbox,Gift card for xbox
013F8-IN5V9-Y3DNS-KOZLC-7ZJ5X ,xbox,Gift card for xbox
6CKKT-5MJ2N-F3650-HJVBQ-DS83D ,xbox,Gift card for xbox
DBF1Q-XYOMO-8LO5N-QCSGR-59WNY ,xbox,Gift card for xbox
AFPKG-ORF9J-P1TPB-SOERR-BVPXQ ,xbox,Gift card for xbox
N89U9-N1NNA-LZ2W1-ILVSS-LHGZ6 ,xbox,Gift card for xbox
RCKTR-AQWHD-91X1U-GSFVE-Z7FF3 ,xbox,Gift card for xbox
WUCOJ-1702V-MUW45-MRZ4N-3WD9G ,xbox,Gift card for xbox
07LBR-L2EKR-NXT5Y-P1R6M-3D36V ,xbox,Gift card for xbox
89CKP-M8CEY-SNKBC-ROD6G-1CKLN ,xbox,Gift card for xbox
LM6AK-KD61H-ZXISM-4ZTAS-GM5W ,xbox,Gift card for xbox
DCLBW-W5P1U-LMP2J-3FPCO-DI410 ,xbox,Gift card for xbox
59Z3K-SBTIU-N7RQH-2KPC7-NTXMQ ,xbox,Gift card for xbox
GE96X-JXXOW-JA6B5-EGN9T-WOKCK ,xbox,Gift card for xbox
U846C-350ZR-JZ6ZC-TJJOI-CRC9H ,xbox,Gift card for xbox
Y3L3E-7RL6N-6QGC6-FUXET-ARUSO ,xbox,Gift card for xbox
9YEYP-XDZQQ-CLP3X-@EV2A-9B06D ,xbox,Gift card for xbox
12IB2-FW710-18LIJ-80V2B-DLORB ,xbox,Gift card for xbox
GEPBI-IK9L5-MWDIZ-4MMSE-USZUR ,xbox,Gift card for xbox
F3NJ4-ROAQM-BL220-TZVFK-SLIR8 ,xbox,Gift card for xbox
GHFJM-M700C-3XGNE-8ZA3U-W3KOA ,xbox,Gift card for xbox
IEQHU-RKZP5-494RI-Y029L-TVS5E ,xbox,Gift card for xbox
OSNHV-FPGPJ-7TSRV-5GCXZ-SA5WK ,xbox,Gift card for xbox
GPP3S-B3PKQ-MNDDB-XSOFO-PJBPW ,xbox,Gift card for xbox
VUHQB-EAI8N-RJIMJ-NF7VQ-X6G0W ,xbox,Gift card for xbox
GI3LO-K049L-6MQFY-HCI1J-XROS7 ,xbox,Gift card for xbox
TSXIV-YXMCF-0ALZG-FGTOY-X16K0 ,xbox,Gift card for xbox
BV21H-NY6Z7-4D9R4-Z5CFT-NK064 ,xbox,Gift card for xbox
XP87F-YARAX-CGMOS-Q00JG-E5119 ,xbox,Gift card for xbox
PVKWU-IOY50-H6TJ6-8GR9W-852BB ,xbox,Gift card for xbox
ANJWD-AFF6W-1E50C-CIQGT-BU16X ,xbox,Gift card for xbox
OQT6C-APHJH-G61DK-0SL50-OHMGA ,xbox,Gift card for xbox
8SF8C-065DD-SDK4Y-FS494-H16GJ ,xbox,Gift card for xbox
IDP4H-ZR20H-DDNEL-YDQC2-3FZUM ,xbox,Gift card for xbox
KYPD1-AJ9MQ-TLGDR-QCJ9A-6QC9G ,xbox,Gift card for xbox
Q03E0-JL2KX-TOKU6-QB3QY-2IU55 ,xbox,Gift card for xbox
70887-V77J8-UL90H-5B690-JDTPA ,xbox,Gift card for xbox
XVP00-AK506-HENDV-L6RG4-NFMXW ,xbox,Gift card for xbox
C5BX4-C6TUA-UQRED-2FWEC-JJBI7 ,xbox,Gift card for xbox
9POOP-L4GMY-ULWBR-8GM14-7Q9HT ,xbox,Gift card for xbox
7KWX8-VU701-7DRYP-7USLU-WGUOM ,xbox,Gift card for xbox
LPKY6-4P179-KVYD9-XU9AV-0XBP3 ,xbox,Gift card for xbox
SXAG2-PRPS8-201G2-JVB18-EX1DP ,xbox,Gift card for xbox
H53L8-KSYFX-ROCN3-994L7-XHPDB ,xbox,Gift card for xbox
TB1ZX-JJFWG-XBBCB-ADTQ4-JFOVC ,xbox,Gift card for xbox
DVHP6-3QWH5-4G0JK-VDODN-KIHPF ,xbox,Gift card for xbox
PA543-R7IJK-D3506-0XXD7-IM3KS ,xbox,Gift card for xbox
00XOC-0QF1Z-NFWUV-XFNLJ-88K89 ,xbox,Gift card for xbox
5C0KX-NT88A-IQGRK-RIE13-M5AKC ,xbox,Gift card for xbox
WEJW9-X8EYF-5L6QJ-A5TWD-VOLF5 ,xbox,Gift card for xbox
RW1H0-JA9AF-QDHV2-00AVU-ZUD3F ,xbox,Gift card for xbox
1P960-0ER4Z-ELGRQ-4K22U-TJ7Z7 ,xbox,Gift card for xbox
QNWEQ-EXW40-39AQW-UF70X-74KIL ,xbox,Gift card for xbox
I3YYK-Q58Q3-C40HB-P949E-QPOXD ,xbox,Gift card for xbox
Z9116-9GZZO-PKOKS-AS3XI-5VOYG ,xbox,Gift card for xbox
3CX16-W1YTI-430UH-UPOY6-M3SD9 ,xbox,Gift card for xbox
500CC-MHXOW-8IU6B-XV9PJ-OKRGT ,xbox,Gift card for xbox
DBE2R-GWHY7-MCYEH-54N2P-CJBIK ,xbox,Gift card for xbox
RLBU4-YUNSK-EW8FK-G6LN8-WA65I ,xbox,Gift card for xbox
071LC-XHNLZ-G97YS-WLMNO-D7GQR ,xbox,Gift card for xbox
ID2K9-UPZM1-Z78AK-5VEJF-MNGXJ ,xbox,Gift card for xbox
UOCTI-OHGL9-N3LSE-SJY14-42WC6 ,xbox,Gift card for xbox
AIDHA-MADX5-SLW3A-D0141-19R3A ,xbox,Gift card for xbox
FY9GA-MB70J-ZN51F-PH135-1BSOJ ,xbox,Gift card for xbox
G2SB8-AI62W-PA850-9L1SP-9S3Z6 ,xbox,Gift card for xbox
K8GT4-ZD950-1D4ML-COAFD-CN9TL ,xbox,Gift card for xbox
TEIRI-Z1IRH-V7GUJ-EIWSQ-UZ4GF ,xbox,Gift card for xbox
Z2MXQ-T96N7-9UUNP-16S29-V4FTK ,xbox,Gift card for xbox
RFOGC-ECDQN-PS806-GMPJH-WLN4S ,xbox,Gift card for xbox
DNKCO-FAODF-WTSFY-DVVW3-MUKEZ ,xbox,Gift card for xbox
ER2AJ-ZYOIU-ETQXY-5DSTL-4E1HE ,xbox,Gift card for xbox
HT3A9-2U2YU-1C9HY-QETU4-LUGXA ,xbox,Gift card for xbox
872AM-T24E4-24RQX-UGREK-5EW4J ,xbox,Gift card for xbox
NYUJS-OU1WQ-I3LY6-5LPCB-JJLS2 ,xbox,Gift card for xbox
KOD7M-50XS0-66FVU-J7JLX-YKU64 ,xbox,Gift card for xbox
CAXV7-V9A7R-0P7F0-GJV18-5A74A ,xbox,Gift card for xbox
8J1I2-ZOHWM-05JAC-1B541-DPV9G ,xbox,Gift card for xbox
3TUNL-5ZZOK-GEPHH-DOPEF-OLMGZ ,xbox,Gift card for xbox
09B12-JXUUQ-7MAWV-ZSXWS-BE8TE ,xbox,Gift card for xbox
4710E-HRVOG-00LET-Y4BVH-J572U ,xbox,Gift card for xbox
3TSK6-PT07R-GXLX8-OPOZE-1RJKE ,xbox,Gift card for xbox
R1WFK-UZFTO-B6F9A-A3EUN-1N709 ,xbox,Gift card for xbox
W8NF4-9IXQ4-2T3IS-JMMNB-EJREB ,xbox,Gift card for xbox
5JQVB-4X60H-9B35A-KOWYS-411L8 ,xbox,Gift card for xbox
69IR5-TRPK3-B1T9K-ADOTD-8UMOE ,xbox,Gift card for xbox
8VZ2B-F6IIB-F3LGB-7ZD5R-7D7W9 ,xbox,Gift card for xbox
MMKMO-2MBC1-15RL6-QZK8V-7323L ,xbox,Gift card for xbox
WD8KN-31PMC-T8141-93G8E-TR7WZ ,xbox,Gift card for xbox
PN1QQ-ZGTPA-JE3XU-FTCT1-3JSZX ,xbox,Gift card for xbox
0853T-VYEYR-98655-GKX6D-3MJXB ,xbox,Gift card for xbox
F327J-YNN5S-6GL0Y-5RLRP-OPTA9 ,xbox,Gift card for xbox
RS3LZ-4KBHG-BNNJY-S3ZVR-8FLAT ,xbox,Gift card for xbox
VO2G5-1QP63-GU3E2-FCUXS-ULC7H ,xbox,Gift card for xbox
9863R-WM5TC-1S25C-AF2JT-R9W5B ,xbox,Gift card for xbox
KGOZO-DQ7VO-4DBAO-U95FC-4SW48 ,xbox,Gift card for xbox
U9W2J-48682-0JVA8-0122A-A6DE3 ,xbox,Gift card for xbox
NNT1M-B5CEV-ESADZ-J217M-D3TWD ,xbox,Gift card for xbox
EQCL6-KLGOS-5GARJ-HZPF9-RDHV7 ,xbox,Gift card for xbox
MSXQ3-88WVU-LBTCN-IFSQJ-37W3P ,xbox,Gift card for xbox
XEJCT-7S2MM-4GKGE-UQLAJ-U6N1Z ,xbox,Gift card for xbox
UR9ZT-RNEU1-VODBO-FGBNG-U4WF1 ,xbox,Gift card for xbox
4ZGET-99VRM-YRTB7-LCHX1-Q8UI3 ,xbox,Gift card for xbox
4AV36-1NEXZ-G8QWX-05K3W-YNZDJ ,xbox,Gift card for xbox
UY7V5-DZX1W-A6HR4-1Z7YD-BZY1J ,xbox,Gift card for xbox
G6CLA-PNFYF-8HQSD-AF2ZZ-G69LR ,xbox,Gift card for xbox
XM4J7-470BS-IVIAD-OTMIZ-4BRMW ,xbox,Gift card for xbox
WKGV4-9UG4X-3QML1-DU8SZ-N9HDN ,xbox,Gift card for xbox
R1W6Q-MFEC3-9E1ND-BBY2Q-BHJ38 ,xbox,Gift card for xbox
Z4LK3-UM4UB-047YQ-AFXTG-RANOO ,xbox,Gift card for xbox
IFT9M-8CP9D-XS9M3-8EHLM-ZXDZ7 ,xbox,Gift card for xbox
PJR80-5YUN4-8E7X4-5UKYC-4J9A8 ,xbox,Gift card for xbox
8PJ20-SDOWW-ERS9B-WOCKF-9CX7T ,xbox,Gift card for xbox
T7XY9-B06J7-2ZKKU-LJ9FH-2AVSE ,xbox,Gift card for xbox
EMTWJ-2M84F-KI29D-GEOUO-U9PYM ,xbox,Gift card for xbox
IJDS7-MJJWT-MRWON-PK4I5-VY9AB ,xbox,Gift card for xbox
Y3RHV-73J7P-4NUC6-C9SSH-8FQYE ,xbox,Gift card for xbox
ZQYRW-M14EE-SOBP9-Y4PJJ-K7PSS ,xbox,Gift card for xbox
HZNPD-3QG9K-IMPVR-VBOHG-LE4SI ,xbox,Gift card for xbox
LO9QE-2NIBU-YSA7H-61JWE-CWOKV ,xbox,Gift card for xbox
TQP09-N8CHP-N6S6K-982BI-XCXX9 ,xbox,Gift card for xbox
EPXPX-2VJOB-RYTMH-CIRUL-AYP9Z ,xbox,Gift card for xbox
2YYKH-JXA21-N2IAW-970RV-GID18 ,xbox,Gift card for xbox
RHDXQ-6UY88-ETHST-WD045-ZGUW1 ,xbox,Gift card for xbox
4DSCK-4IR74-BIT5L-5NION-ZL4XV ,xbox,Gift card for xbox
75ICJ-RCEFQ-V1BJP-C5ELG-E2T9E ,xbox,Gift card for xbox
EFKM8-0V7AE-UL92E-K72YW-WM294 ,xbox,Gift card for xbox
ITWBS-40AAO-OZLCG-T8023-6T80U ,xbox,Gift card for xbox
JFVVO-JXKTO-H5XHT-BL7BG-XN9E5 ,xbox,Gift card for xbox
7JHEU-AS4GD-XGW97-8G3D0-KA50W ,xbox,Gift card for xbox
34CPO-76S50-5QV70-6S3FZ-6JP1E ,xbox,Gift card for xbox
QCMPQ-GZTN4-EBNOB-ZXIJ2-60AGN ,xbox,Gift card for xbox
2GNES-XP3Z1-ZFVQB-7F6ZH-DJ433 ,xbox,Gift card for xbox
SHS55-QU940-4VMCA-YBT25-D8VL3 ,xbox,Gift card for xbox
QHWYI-2623P-G1L25-OKQHJ-32L3B ,xbox,Gift card for xbox
1801T-800E6-A9DOM-4Y2FB-644L8 ,xbox,Gift card for xbox
0001B-YOEWF-2YLN8-YF991-5MI1J ,xbox,Gift card for xbox
KYDRL-DZDXN-3C1XN-C96SD-IQGLI ,xbox,Gift card for xbox
16V98-AOHR3-ELDUN-39GZL-EB74G ,xbox,Gift card for xbox
920ZN-B4W1H-LQU9A-N37GK-G94N6 ,xbox,Gift card for xbox
44C73-PGWGU-DKLW1-7W5WT-PDB8A ,xbox,Gift card for xbox
OEDEP-L8707-GETEI-2AEFN-23ZXU ,xbox,Gift card for xbox
SDODQ-1GH20-VX6ME-NILCE-EA271 ,xbox,Gift card for xbox
7GI1L-52841-GWSQ9-W26M2-3C8TD ,xbox,Gift card for xbox
I5NGK-9J6JW-R8WQL-ARFGQ-R500A ,xbox,Gift card for xbox
LCASX-CSMI1-9F928-J9UMO-T9TUQ ,xbox,Gift card for xbox
OWRHH-GRY4Z-EK64A-JHR93-YOHMM ,xbox,Gift card for xbox
K4W5T-MRFBQ-16C0D-Q3SIB-UIFIR ,xbox,Gift card for xbox
UIJH9-409E6-LBRAM-XN2Y7-1G0G4 ,xbox,Gift card for xbox
TAVFB-4XMNG-PN5NH-GSU4J-30D92 ,xbox,Gift card for xbox
PCNN3-KKWGJ-X4JZN-F6UVC-UMWGI ,xbox,Gift card for xbox
NBIFC-7142V-G8LEW-WG3VW-X8F2K ,xbox,Gift card for xbox
XFKA3-HZZ7R-EDDGY-TFQAK-N60WK ,xbox,Gift card for xbox
7H7SB-1K4JR-HQ4ZM-GTSHB-W7UYZ ,xbox,Gift card for xbox
DUO2J-E828H-ZIYTF-LVOFZ-VMXN2 ,xbox,Gift card for xbox
BLY36-ASC8P-AT69C-T3DM6-TT5AS ,xbox,Gift card for xbox
SOV7D-65BGL-1MOV2-IF7XJ-NOQ8F ,xbox,Gift card for xbox
Y3PT5-QJJMM-ILSMX-A4NDU-OHABS ,xbox,Gift card for xbox
OZOGH-ED9SL-13L2R-GHO2K-157XI ,xbox,Gift card for xbox
004MS-MR583-CGZKS-PGY6Y-4FBYF ,xbox,Gift card for xbox
55NEF-633XU-U7JYQ-PAISK-8WPZE ,xbox,Gift card for xbox
MBPHD-X8JFO-GLRPI-U2YAD-OUXNK ,xbox,Gift card for xbox
292S1-Y4228-68FPS-EUZ4F-RPANS ,xbox,Gift card for xbox
97EG4-N5IS9-22YDS-RHYVT-3RNU1 ,xbox,Gift card for xbox
PLZ93-393VB-6KH6P-ANYC2-C1ZE4 ,xbox,Gift card for xbox
H4HQV-62UA8-3DEYM-KAAFX-J23JU ,xbox,Gift card for xbox
ORR2K-20CB1-IVSEF-W6NF4-LG351 ,xbox,Gift card for xbox
EBKIW-4NDYZ-EU97U-N8OUU-ONCWC ,xbox,Gift card for xbox
3SRV2-ZW8JT-25BFY-UBLML-IRJ51 ,xbox,Gift card for xbox
TL3D0-AEK9W-QOYRC-FNROV-Y8VPY ,xbox,Gift card for xbox
WSQB7-Q4RBB-Y8QYN-XMPZJ-9VFG9 ,xbox,Gift card for xbox
IU208-HLEAJ-21028-WB64N-WNIF9 ,xbox,Gift card for xbox
P9PUO-TKTPB-AQT1E-3ZGCI-3ELFV ,xbox,Gift card for xbox
07IFI-HOWEV-IJUQV-UBOHI-J3UJ3 ,xbox,Gift card for xbox
4D8XG-82JWT-CIJGX-VMBUN-YWORW ,xbox,Gift card for xbox
H6DEE-0ZLML-1IYRS-L2X9E-ILVBP ,xbox,Gift card for xbox
ASV6S-AKZSZ-60FWD-VYUB2-IQCVN ,xbox,Gift card for xbox
